Indexcd,Trddt,Retindex
1,2000/1/4,0.029116
1,2000/1/5,0.002354
1,2000/1/6,0.038491
1,2000/1/7,0.035971
1,2000/1/10,0.018799
1,2000/1/11,-0.042282
1,2000/1/12,-0.02822
1,2000/1/13,-0.009444
1,2000/1/14,-0.010945
1,2000/1/17,0.017376
1,2000/1/18,-0.004681
1,2000/1/19,0.009884
1,2000/1/20,0.018144
1,2000/1/21,-0.001207
1,2000/1/24,0.008361
1,2000/1/25,-0.000562
1,2000/1/26,0.003122
1,2000/1/27,0.017318
1,2000/1/28,0.018735
1,2000/2/14,0.090515
1,2000/2/15,-0.001953
1,2000/2/16,0.013432
1,2000/2/17,-0.030984
1,2000/2/18,0.016725
1,2000/2/21,0.005425
1,2000/2/22,-0.026742
1,2000/2/23,-0.022888
1,2000/2/24,0.024691
1,2000/2/25,-0.00167
1,2000/2/28,0.044914
1,2000/2/29,0.005701
1,2000/3/1,-0.009822
1,2000/3/2,0.008994
1,2000/3/3,0.0146
1,2000/3/6,-0.032756
1,2000/3/7,0.008155
1,2000/3/8,0.018427
1,2000/3/9,0.003662
1,2000/3/10,-0.015759
1,2000/3/13,0.013976
1,2000/3/14,-0.025178
1,2000/3/15,-0.002302
1,2000/3/16,-0.043973
1,2000/3/17,0.031769
1,2000/3/20,0.024509
1,2000/3/21,0.006515
1,2000/3/22,0.005923
1,2000/3/23,0.015572
1,2000/3/24,-0.009581
1,2000/3/27,0.026241
1,2000/3/28,0.008745
1,2000/3/29,-0.001468
1,2000/3/30,0.012394
1,2000/3/31,-0.005936
1,2000/4/3,0.000428
1,2000/4/4,-0.022382
1,2000/4/5,0.005969
1,2000/4/6,0.021421
1,2000/4/7,0.005948
1,2000/4/10,0.003385
1,2000/4/11,-0.002678
1,2000/4/12,-0.0076
1,2000/4/13,0.013401
1,2000/4/14,0.001157
1,2000/4/17,-0.021056
1,2000/4/18,0.010273
1,2000/4/19,0.008387
1,2000/4/20,0.010018
1,2000/4/21,-0.003232
1,2000/4/24,-0.001988
1,2000/4/25,-0.002139
1,2000/4/26,-0.000376
1,2000/4/27,-0.014159
1,2000/4/28,0.016321
1,2000/5/8,0.000174
1,2000/5/9,-0.016334
1,2000/5/10,-0.029862
1,2000/5/11,-0.016341
1,2000/5/12,-0.001995
1,2000/5/15,-0.009311
1,2000/5/16,0.011704
1,2000/5/17,0.000499
1,2000/5/18,0.019207
1,2000/5/19,0.010969
1,2000/5/22,0.026386
1,2000/5/23,0.004022
1,2000/5/24,0.012778
1,2000/5/25,0.013587
1,2000/5/26,-0.000574
1,2000/5/29,0.010178
1,2000/5/30,-0.011207
1,2000/5/31,0.009097
1,2000/6/1,0.004719
1,2000/6/2,0.006703
1,2000/6/5,-0.008955
1,2000/6/6,0.013928
1,2000/6/7,0.004928
1,2000/6/8,-0.005075
1,2000/6/9,-0.012684
1,2000/6/12,0.006192
1,2000/6/13,0.013652
1,2000/6/14,-0.003291
1,2000/6/15,0.005175
1,2000/6/16,-0.007903
1,2000/6/19,-0.006087
1,2000/6/20,-0.01037
1,2000/6/21,0.009381
1,2000/6/22,0.000402
1,2000/6/23,0.013444
1,2000/6/26,0.004645
1,2000/6/27,-0.002946
1,2000/6/28,0.002357
1,2000/6/29,-0.005248
1,2000/6/30,-0.004723
1,2000/7/3,-0.01684
1,2000/7/4,0.006483
1,2000/7/5,0.00066
1,2000/7/6,-0.003478
1,2000/7/7,0.015894
1,2000/7/10,0.00788
1,2000/7/11,0.006427
1,2000/7/12,0.006544
1,2000/7/13,0.002954
1,2000/7/14,0.004037
1,2000/7/17,-0.00237
1,2000/7/18,0.005806
1,2000/7/19,0.002227
1,2000/7/20,-0.003438
1,2000/7/21,0.0024
1,2000/7/24,-0.003557
1,2000/7/25,0.00369
1,2000/7/26,0.007883
1,2000/7/27,0.000015
1,2000/7/28,0.000219
1,2000/7/31,0.005341
1,2000/8/1,0.002278
1,2000/8/2,0.001247
1,2000/8/3,0.002768
1,2000/8/4,-0.004881
1,2000/8/7,0.006445
1,2000/8/8,0.005149
1,2000/8/9,0.005493
1,2000/8/10,0.002309
1,2000/8/11,-0.001583
1,2000/8/14,0.006608
1,2000/8/15,0.00025
1,2000/8/16,0.003202
1,2000/8/17,0.003897
1,2000/8/18,-0.000674
1,2000/8/21,0.008856
1,2000/8/22,-0.016119
1,2000/8/23,-0.008088
1,2000/8/24,0.006434
1,2000/8/25,0.007503
1,2000/8/28,0.006656
1,2000/8/29,0.002328
1,2000/8/30,-0.013935
1,2000/8/31,-0.026463
1,2000/9/1,-0.010558
1,2000/9/4,0.00537
1,2000/9/5,-0.023282
1,2000/9/6,-0.019289
1,2000/9/7,0.012851
1,2000/9/8,0.004434
1,2000/9/11,0.006497
1,2000/9/12,0.00358
1,2000/9/13,0.004972
1,2000/9/14,-0.004741
1,2000/9/15,-0.000546
1,2000/9/18,-0.016013
1,2000/9/19,-0.022396
1,2000/9/20,0.010057
1,2000/9/21,-0.007793
1,2000/9/22,-0.008037
1,2000/9/25,-0.008494
1,2000/9/26,0.006354
1,2000/9/27,0.01391
1,2000/9/28,-0.012957
1,2000/9/29,0.011046
1,2000/10/9,0.002717
1,2000/10/10,0.013992
1,2000/10/11,-0.004335
1,2000/10/12,-0.003832
1,2000/10/13,-0.004236
1,2000/10/16,-0.008002
1,2000/10/17,0.003511
1,2000/10/18,0.006997
1,2000/10/19,-0.004904
1,2000/10/20,0.01779
1,2000/10/23,0.005895
1,2000/10/24,-0.001327
1,2000/10/25,0.010688
1,2000/10/26,-0.004845
1,2000/10/27,-0.000132
1,2000/10/30,0.003136
1,2000/10/31,-0.006227
1,2000/11/1,0.008194
1,2000/11/2,0.00349
1,2000/11/3,-0.001325
1,2000/11/6,0.004814
1,2000/11/7,0.002968
1,2000/11/8,0.007927
1,2000/11/9,0.009722
1,2000/11/10,0.00737
1,2000/11/13,0.011395
1,2000/11/14,0.00692
1,2000/11/15,-0.001539
1,2000/11/16,0.006758
1,2000/11/17,-0.001307
1,2000/11/20,0.003893
1,2000/11/21,-0.001623
1,2000/11/22,0.007302
1,2000/11/23,0.002905
1,2000/11/24,-0.031173
1,2000/11/27,-0.001802
1,2000/11/28,0.014505
1,2000/11/29,-0.005723
1,2000/11/30,0.001504
1,2000/12/1,0.005424
1,2000/12/4,0.004948
1,2000/12/5,-0.000225
1,2000/12/6,-0.007669
1,2000/12/7,-0.000284
1,2000/12/8,-0.000906
1,2000/12/11,-0.013062
1,2000/12/12,0.006339
1,2000/12/13,-0.001423
1,2000/12/14,-0.002451
1,2000/12/15,-0.005714
1,2000/12/18,0.002545
1,2000/12/19,0.002191
1,2000/12/20,0.010854
1,2000/12/21,0.002713
1,2000/12/22,-0.003428
1,2000/12/25,-0.000773
1,2000/12/26,0.003917
1,2000/12/27,-0.008684
1,2000/12/28,-0.002206
1,2000/12/29,0.009631
1,2001/1/2,0.014464
1,2001/1/3,0.009713
1,2001/1/4,-0.003056
1,2001/1/5,0.003726
1,2001/1/8,-0.010935
1,2001/1/9,-0.000438
1,2001/1/10,0.011651
1,2001/1/11,-0.003049
1,2001/1/12,-0.00679
1,2001/1/15,-0.034356
1,2001/1/16,0.006618
1,2001/1/17,-0.005528
1,2001/1/18,0.004193
1,2001/1/19,0.011013
1,2001/2/5,-0.027876
1,2001/2/6,-0.00633
1,2001/2/7,-0.007708
1,2001/2/8,-0.025152
1,2001/2/9,0.013901
1,2001/2/12,0.002172
1,2001/2/13,0.001178
1,2001/2/14,-0.000168
1,2001/2/15,-0.008517
1,2001/2/16,-0.002322
1,2001/2/19,0.013177
1,2001/2/20,-0.007283
1,2001/2/21,-0.022471
1,2001/2/22,-0.001084
1,2001/2/23,0.015252
1,2001/2/26,0.009471
1,2001/2/27,0.00376
1,2001/2/28,-0.001458
1,2001/3/1,0.003032
1,2001/3/2,0.010172
1,2001/3/5,-0.000458
1,2001/3/6,0.002953
1,2001/3/7,0.000563
1,2001/3/8,0.004882
1,2001/3/9,0.005378
1,2001/3/12,0.000442
1,2001/3/13,-0.006882
1,2001/3/14,0.009966
1,2001/3/15,0.001972
1,2001/3/16,-0.001167
1,2001/3/19,0.008108
1,2001/3/20,0.004503
1,2001/3/21,0.010069
1,2001/3/22,0.01023
1,2001/3/23,-0.016282
1,2001/3/26,0.017696
1,2001/3/27,0.008316
1,2001/3/28,-0.000185
1,2001/3/29,-0.002473
1,2001/3/30,0.005291
1,2001/4/2,0.005822
1,2001/4/3,-0.000955
1,2001/4/4,-0.015228
1,2001/4/5,0.010465
1,2001/4/6,-0.001889
1,2001/4/9,0.004154
1,2001/4/10,0.005247
1,2001/4/11,0.001372
1,2001/4/12,0.001595
1,2001/4/13,0.004965
1,2001/4/16,0.010562
1,2001/4/17,0.003976
1,2001/4/18,-0.001893
1,2001/4/19,0.000143
1,2001/4/20,-0.009448
1,2001/4/23,-0.000887
1,2001/4/24,0.007319
1,2001/4/25,-0.021693
1,2001/4/26,-0.006663
1,2001/4/27,0.004774
1,2001/4/30,0.001924
1,2001/5/8,0.008876
1,2001/5/9,-0.002385
1,2001/5/10,0.006747
1,2001/5/11,0.003786
1,2001/5/14,0.010699
1,2001/5/15,0.005779
1,2001/5/16,0.003857
1,2001/5/17,-0.00221
1,2001/5/18,0.003973
1,2001/5/21,0.004643
1,2001/5/22,-0.001473
1,2001/5/23,-0.005764
1,2001/5/24,0.000319
1,2001/5/25,-0.002147
1,2001/5/28,-0.006328
1,2001/5/29,0.000266
1,2001/5/30,0.014182
1,2001/5/31,0.001384
1,2001/6/1,0.002407
1,2001/6/4,0.003239
1,2001/6/5,0.003687
1,2001/6/6,0.00157
1,2001/6/7,-0.003882
1,2001/6/8,-0.003023
1,2001/6/11,-0.003801
1,2001/6/12,0.003766
1,2001/6/13,0.008754
1,2001/6/14,-0.017847
1,2001/6/15,0.003891
1,2001/6/18,-0.019593
1,2001/6/19,0.001292
1,2001/6/20,-0.003377
1,2001/6/21,0.012034
1,2001/6/22,0.007729
1,2001/6/25,0.010938
1,2001/6/26,0.00152
1,2001/6/27,-0.001683
1,2001/6/28,-0.004745
1,2001/6/29,-0.00055
1,2001/7/2,-0.005428
1,2001/7/3,0.002647
1,2001/7/4,-0.004417
1,2001/7/5,-0.009264
1,2001/7/6,-0.005106
1,2001/7/9,-0.000396
1,2001/7/10,0.009278
1,2001/7/11,-0.009613
1,2001/7/12,-0.001499
1,2001/7/13,-0.001916
1,2001/7/16,-0.006986
1,2001/7/17,-0.002451
1,2001/7/18,0.002597
1,2001/7/19,0.001738
1,2001/7/20,0.013649
1,2001/7/23,-0.004868
1,2001/7/24,-0.015011
1,2001/7/25,-0.011323
1,2001/7/26,-0.00864
1,2001/7/27,-0.013505
1,2001/7/30,-0.052722
1,2001/7/31,-0.018653
1,2001/8/1,0.034687
1,2001/8/2,-0.015053
1,2001/8/3,0.000853
1,2001/8/6,-0.039087
1,2001/8/7,0.011583
1,2001/8/8,-0.004601
1,2001/8/9,0.015524
1,2001/8/10,0.015822
1,2001/8/13,0.000031
1,2001/8/14,-0.007959
1,2001/8/15,0.004032
1,2001/8/16,-0.01423
1,2001/8/17,0.002266
1,2001/8/20,0.005452
1,2001/8/21,0.002264
1,2001/8/22,-0.018268
1,2001/8/23,-0.000242
1,2001/8/24,-0.008508
1,2001/8/27,-0.031561
1,2001/8/28,0.008833
1,2001/8/29,0.002251
1,2001/8/30,-0.004281
1,2001/8/31,-0.002984
1,2001/9/3,-0.009241
1,2001/9/4,0.024857
1,2001/9/5,0.003173
1,2001/9/6,-0.003592
1,2001/9/7,-0.02832
1,2001/9/10,0.026365
1,2001/9/11,0.003905
1,2001/9/12,-0.005999
1,2001/9/13,-0.006855
1,2001/9/14,-0.011696
1,2001/9/17,-0.018571
1,2001/9/18,0.00785
1,2001/9/19,0.013388
1,2001/9/20,-0.002348
1,2001/9/21,-0.006269
1,2001/9/24,-0.006674
1,2001/9/25,-0.000602
1,2001/9/26,-0.014533
1,2001/9/27,-0.001629
1,2001/9/28,-0.000034
1,2001/10/8,-0.021724
1,2001/10/9,0.010489
1,2001/10/10,-0.033262
1,2001/10/11,-0.028625
1,2001/10/12,0.03235
1,2001/10/15,-0.002395
1,2001/10/16,-0.018598
1,2001/10/17,-0.007748
1,2001/10/18,-0.016731
1,2001/10/19,-0.026696
1,2001/10/22,-0.03293
1,2001/10/23,0.098568
1,2001/10/24,0.028434
1,2001/10/25,-0.02419
1,2001/10/26,0.000823
1,2001/10/29,0.013469
1,2001/10/30,-0.010415
1,2001/10/31,0.003803
1,2001/11/1,0.010999
1,2001/11/2,-0.009603
1,2001/11/5,-0.006965
1,2001/11/6,-0.004936
1,2001/11/7,-0.04621
1,2001/11/8,0.007415
1,2001/11/9,0.01525
1,2001/11/12,-0.005621
1,2001/11/13,-0.003248
1,2001/11/14,0.000724
1,2001/11/15,0.002622
1,2001/11/16,0.015678
1,2001/11/19,0.014046
1,2001/11/20,0.017869
1,2001/11/21,0.003489
1,2001/11/22,0.005951
1,2001/11/23,-0.001894
1,2001/11/26,-0.003895
1,2001/11/27,0.00979
1,2001/11/28,0.007204
1,2001/11/29,-0.001556
1,2001/11/30,0.009057
1,2001/12/3,0.008335
1,2001/12/4,0.00404
1,2001/12/5,-0.013816
1,2001/12/6,0.003409
1,2001/12/7,-0.003295
1,2001/12/10,0.001873
1,2001/12/11,-0.011323
1,2001/12/12,-0.00793
1,2001/12/13,-0.015835
1,2001/12/14,-0.007405
1,2001/12/17,-0.005712
1,2001/12/18,0.012816
1,2001/12/19,-0.008647
1,2001/12/20,-0.024607
1,2001/12/21,0.005271
1,2001/12/24,-0.020754
1,2001/12/25,0.003157
1,2001/12/26,0.013946
1,2001/12/27,-0.003501
1,2001/12/28,0.007101
1,2001/12/31,0.003959
1,2002/1/4,-0.021009
1,2002/1/7,-0.009079
1,2002/1/8,-0.008329
1,2002/1/9,-0.013963
1,2002/1/10,0.009665
1,2002/1/11,-0.025913
1,2002/1/14,-0.032873
1,2002/1/15,-0.017144
1,2002/1/16,0.013681
1,2002/1/17,-0.040619
1,2002/1/18,-0.002874
1,2002/1/21,-0.034244
1,2002/1/22,-0.006057
1,2002/1/23,0.063502
1,2002/1/24,0.00791
1,2002/1/25,-0.003378
1,2002/1/28,-0.063335
1,2002/1/29,0.024442
1,2002/1/30,0.00275
1,2002/1/31,0.068065
1,2002/2/1,-0.003955
1,2002/2/4,0.017203
1,2002/2/5,0.004599
1,2002/2/6,-0.021393
1,2002/2/7,0.019915
1,2002/2/8,-0.005787
1,2002/2/25,0.015704
1,2002/2/26,0.000751
1,2002/2/27,0.004499
1,2002/2/28,-0.008854
1,2002/3/1,-0.014534
1,2002/3/4,0.016146
1,2002/3/5,0.021797
1,2002/3/6,0.005852
1,2002/3/7,0.027906
1,2002/3/8,0.0169
1,2002/3/11,0.014528
1,2002/3/12,-0.012259
1,2002/3/13,-0.012326
1,2002/3/14,0.025699
1,2002/3/15,-0.026526
1,2002/3/18,0.001789
1,2002/3/19,0.025544
1,2002/3/20,0.010298
1,2002/3/21,0.001492
1,2002/3/22,-0.009098
1,2002/3/25,0.003354
1,2002/3/26,-0.015406
1,2002/3/27,0.00288
1,2002/3/28,-0.002152
1,2002/3/29,-0.028328
1,2002/4/1,0.002868
1,2002/4/2,-0.015934
1,2002/4/3,0.007347
1,2002/4/4,0.029595
1,2002/4/5,-0.0043
1,2002/4/8,0.003677
1,2002/4/9,0.016378
1,2002/4/10,0.006081
1,2002/4/11,-0.016767
1,2002/4/12,0.005729
1,2002/4/15,-0.005714
1,2002/4/16,-0.005584
1,2002/4/17,0.002506
1,2002/4/18,-0.009888
1,2002/4/19,0.004318
1,2002/4/22,-0.004703
1,2002/4/23,-0.0018
1,2002/4/24,-0.00831
1,2002/4/25,0.003023
1,2002/4/26,0.015267
1,2002/4/29,0.015373
1,2002/4/30,0.001165
1,2002/5/8,-0.009222
1,2002/5/9,-0.001083
1,2002/5/10,-0.0075
1,2002/5/13,-0.008705
1,2002/5/14,-0.004748
1,2002/5/15,-0.011063
1,2002/5/16,-0.030563
1,2002/5/17,0.011617
1,2002/5/20,-0.016568
1,2002/5/21,0.030217
1,2002/5/22,-0.014873
1,2002/5/23,0.004551
1,2002/5/24,-0.014087
1,2002/5/27,0.003601
1,2002/5/28,0.002231
1,2002/5/29,-0.021629
1,2002/5/30,-0.000846
1,2002/5/31,-0.005113
1,2002/6/3,-0.021363
1,2002/6/4,0.004827
1,2002/6/5,-0.019128
1,2002/6/6,0.040534
1,2002/6/7,0.005423
1,2002/6/10,-0.008029
1,2002/6/11,0.009049
1,2002/6/12,-0.003997
1,2002/6/13,-0.008611
1,2002/6/14,-0.01155
1,2002/6/17,0.001332
1,2002/6/18,0.0186
1,2002/6/19,-0.010761
1,2002/6/20,0.005625
1,2002/6/21,0.030716
1,2002/6/24,0.092525
1,2002/6/25,-0.000422
1,2002/6/26,0.003703
1,2002/6/27,0.006212
1,2002/6/28,0.005344
1,2002/7/1,-0.010994
1,2002/7/2,0.006559
1,2002/7/3,0.003461
1,2002/7/4,-0.010272
1,2002/7/5,0.005283
1,2002/7/8,0.006236
1,2002/7/9,-0.001697
1,2002/7/10,-0.016283
1,2002/7/11,-0.002868
1,2002/7/12,0.000801
1,2002/7/15,-0.006094
1,2002/7/16,0.002174
1,2002/7/17,0.005971
1,2002/7/18,0.001875
1,2002/7/19,0.00525
1,2002/7/22,-0.019167
1,2002/7/23,-0.004253
1,2002/7/24,-0.000872
1,2002/7/25,-0.004359
1,2002/7/26,-0.00457
1,2002/7/29,0.004929
1,2002/7/30,0.001999
1,2002/7/31,-0.010431
1,2002/8/1,0.00086
1,2002/8/2,0.00536
1,2002/8/5,-0.00476
1,2002/8/6,0.010073
1,2002/8/7,-0.001526
1,2002/8/8,-0.004958
1,2002/8/9,-0.007682
1,2002/8/12,-0.007577
1,2002/8/13,0.00126
1,2002/8/14,0.006165
1,2002/8/15,-0.0075
1,2002/8/16,0.007599
1,2002/8/19,-0.001512
1,2002/8/20,0.016451
1,2002/8/21,0.001316
1,2002/8/22,0.007505
1,2002/8/23,-0.00172
1,2002/8/26,-0.007438
1,2002/8/27,0.005387
1,2002/8/28,-0.001738
1,2002/8/29,-0.005636
1,2002/8/30,-0.00042
1,2002/9/2,0.00129
1,2002/9/3,0.003176
1,2002/9/4,-0.006033
1,2002/9/5,-0.013318
1,2002/9/6,-0.006353
1,2002/9/9,-0.006007
1,2002/9/10,0.002177
1,2002/9/11,-0.002923
1,2002/9/12,0.002592
1,2002/9/13,0.000739
1,2002/9/16,-0.013335
1,2002/9/17,0.000499
1,2002/9/18,-0.006418
1,2002/9/19,0.015534
1,2002/9/20,-0.008917
1,2002/9/23,-0.001446
1,2002/9/24,-0.003657
1,2002/9/25,0.000695
1,2002/9/26,-0.006377
1,2002/9/27,-0.003798
1,2002/10/8,-0.011779
1,2002/10/9,-0.017671
1,2002/10/10,-0.00323
1,2002/10/11,-0.004156
1,2002/10/14,0.005006
1,2002/10/15,-0.004538
1,2002/10/16,0.008303
1,2002/10/17,-0.0158
1,2002/10/18,0.004256
1,2002/10/21,0.003547
1,2002/10/22,0.015194
1,2002/10/23,0.000562
1,2002/10/24,-0.008038
1,2002/10/25,-0.01055
1,2002/10/28,-0.01157
1,2002/10/29,0.00543
1,2002/10/30,-0.000774
1,2002/10/31,-0.001464
1,2002/11/1,0.002163
1,2002/11/4,0.013953
1,2002/11/5,0.017234
1,2002/11/6,-0.003645
1,2002/11/7,0.001082
1,2002/11/8,-0.020621
1,2002/11/11,-0.011687
1,2002/11/12,-0.012291
1,2002/11/13,0.003062
1,2002/11/14,-0.0199
1,2002/11/15,0.001978
1,2002/11/18,-0.008472
1,2002/11/19,0.007497
1,2002/11/20,-0.024847
1,2002/11/21,-0.024694
1,2002/11/22,0.003502
1,2002/11/25,0.002107
1,2002/11/26,-0.0195
1,2002/11/27,0.005528
1,2002/11/28,0.028127
1,2002/11/29,0.011746
1,2002/12/2,-0.026845
1,2002/12/3,0.009429
1,2002/12/4,0.003982
1,2002/12/5,-0.006766
1,2002/12/6,0.000463
1,2002/12/9,-0.003315
1,2002/12/10,-0.012157
1,2002/12/11,-0.003353
1,2002/12/12,0.003415
1,2002/12/13,0.009386
1,2002/12/16,0.008318
1,2002/12/17,0.005382
1,2002/12/18,-0.003093
1,2002/12/19,0.001332
1,2002/12/20,0.010144
1,2002/12/23,0.001583
1,2002/12/24,0.00044
1,2002/12/25,-0.006507
1,2002/12/26,-0.026289
1,2002/12/27,-0.000853
1,2002/12/30,-0.01201
1,2002/12/31,-0.006375
1,2003/1/2,-0.027268
1,2003/1/3,-0.000577
1,2003/1/6,0.011222
1,2003/1/7,-0.001962
1,2003/1/8,0.030033
1,2003/1/9,0.018452
1,2003/1/10,-0.008963
1,2003/1/13,0.001051
1,2003/1/14,0.058094
1,2003/1/15,-0.004725
1,2003/1/16,0.017602
1,2003/1/17,-0.004673
1,2003/1/20,0.002709
1,2003/1/21,-0.018743
1,2003/1/22,0.003876
1,2003/1/23,-0.006788
1,2003/1/24,0.019615
1,2003/1/27,0.011553
1,2003/1/28,0.002996
1,2003/1/29,-0.000549
1,2003/2/10,-0.013099
1,2003/2/11,0.008509
1,2003/2/12,0.011996
1,2003/2/13,-0.004192
1,2003/2/14,0.004395
1,2003/2/17,-0.009548
1,2003/2/18,-0.000037
1,2003/2/19,0.009579
1,2003/2/20,-0.000872
1,2003/2/21,-0.020282
1,2003/2/24,0.002073
1,2003/2/25,0.019798
1,2003/2/26,0.001257
1,2003/2/27,0.00035
1,2003/2/28,-0.001171
1,2003/3/3,0.008963
1,2003/3/4,-0.000773
1,2003/3/5,-0.004674
1,2003/3/6,-0.012415
1,2003/3/7,-0.003504
1,2003/3/10,-0.016191
1,2003/3/11,0.000428
1,2003/3/12,0.003715
1,2003/3/13,-0.007023
1,2003/3/14,0.000952
1,2003/3/17,0.002203
1,2003/3/18,-0.006385
1,2003/3/19,0.006896
1,2003/3/20,-0.003687
1,2003/3/21,0.006908
1,2003/3/24,0.002108
1,2003/3/25,-0.010398
1,2003/3/26,-0.004191
1,2003/3/27,0.02958
1,2003/3/28,-0.004939
1,2003/3/31,0.012492
1,2003/4/1,0.007923
1,2003/4/2,-0.000805
1,2003/4/3,-0.006304
1,2003/4/4,0.006217
1,2003/4/7,-0.003942
1,2003/4/8,0.003577
1,2003/4/9,0.015207
1,2003/4/10,0.004862
1,2003/4/11,0.016555
1,2003/4/14,0.024867
1,2003/4/15,0.009528
1,2003/4/16,-0.015465
1,2003/4/17,0.004585
1,2003/4/18,-0.006524
1,2003/4/21,-0.019564
1,2003/4/22,-0.001923
1,2003/4/23,-0.017041
1,2003/4/24,-0.024884
1,2003/4/25,-0.010936
1,2003/4/28,0.033987
1,2003/4/29,-0.018455
1,2003/4/30,0.008037
1,2003/5/12,0.006851
1,2003/5/13,-0.030394
1,2003/5/14,0.025326
1,2003/5/15,0.021249
1,2003/5/16,-0.000536
1,2003/5/19,0.00064
1,2003/5/20,-0.012811
1,2003/5/21,-0.001327
1,2003/5/22,0.008236
1,2003/5/23,0.0096
1,2003/5/26,0.005482
1,2003/5/27,-0.000746
1,2003/5/28,-0.01054
1,2003/5/29,0.010533
1,2003/5/30,0.005168
1,2003/6/2,0.000169
1,2003/6/3,-0.009065
1,2003/6/4,0.007601
1,2003/6/5,-0.011347
1,2003/6/6,-0.011135
1,2003/6/9,-0.005657
1,2003/6/10,0.005585
1,2003/6/11,0.017597
1,2003/6/12,-0.002385
1,2003/6/13,0.002983
1,2003/6/16,-0.004507
1,2003/6/17,-0.001622
1,2003/6/18,-0.002118
1,2003/6/19,-0.009732
1,2003/6/20,-0.006033
1,2003/6/23,-0.011837
1,2003/6/24,0.000704
1,2003/6/25,-0.006845
1,2003/6/26,0.008853
1,2003/6/27,-0.01209
1,2003/6/30,-0.007368
1,2003/7/1,-0.000891
1,2003/7/2,0.010091
1,2003/7/3,0.00317
1,2003/7/4,-0.001387
1,2003/7/7,-0.000576
1,2003/7/8,0.007016
1,2003/7/9,-0.005757
1,2003/7/10,0.019033
1,2003/7/11,-0.002006
1,2003/7/14,-0.004866
1,2003/7/15,0.002646
1,2003/7/16,0.002656
1,2003/7/17,0.006451
1,2003/7/18,-0.020915
1,2003/7/21,-0.007482
1,2003/7/22,0.001738
1,2003/7/23,0.002444
1,2003/7/24,-0.00579
1,2003/7/25,-0.01058
1,2003/7/28,-0.004912
1,2003/7/29,0.004695
1,2003/7/30,0.001595
1,2003/7/31,-0.001967
1,2003/8/1,0.000154
1,2003/8/4,0.011778
1,2003/8/5,-0.000035
1,2003/8/6,-0.005394
1,2003/8/7,0.000752
1,2003/8/8,-0.010823
1,2003/8/11,0.002135
1,2003/8/12,0.003303
1,2003/8/13,-0.009096
1,2003/8/14,-0.006773
1,2003/8/15,-0.003912
1,2003/8/18,-0.003526
1,2003/8/19,0.003199
1,2003/8/20,-0.005551
1,2003/8/21,-0.000398
1,2003/8/22,-0.001531
1,2003/8/25,-0.011611
1,2003/8/26,0.002135
1,2003/8/27,0.000105
1,2003/8/28,-0.006784
1,2003/8/29,0.004443
1,2003/9/1,0.019573
1,2003/9/2,-0.002279
1,2003/9/3,0.000925
1,2003/9/4,-0.000294
1,2003/9/5,-0.010979
1,2003/9/8,-0.004056
1,2003/9/9,-0.003965
1,2003/9/10,0.002185
1,2003/9/11,0.00055
1,2003/9/12,-0.010392
1,2003/9/15,-0.008247
1,2003/9/16,0.006128
1,2003/9/17,-0.01158
1,2003/9/18,0.000477
1,2003/9/19,0.000636
1,2003/9/22,-0.007135
1,2003/9/23,0.00632
1,2003/9/24,0.002917
1,2003/9/25,-0.012866
1,2003/9/26,-0.003958
1,2003/9/29,-0.011313
1,2003/9/30,0.008726
1,2003/10/8,0.003309
1,2003/10/9,-0.001831
1,2003/10/10,0.025442
1,2003/10/13,-0.003098
1,2003/10/14,-0.008206
1,2003/10/15,-0.003655
1,2003/10/16,-0.01272
1,2003/10/17,0.003718
1,2003/10/20,-0.008087
1,2003/10/21,0.003533
1,2003/10/22,0.024708
1,2003/10/23,-0.008124
1,2003/10/24,-0.003478
1,2003/10/27,-0.00895
1,2003/10/28,-0.000101
1,2003/10/29,-0.005724
1,2003/10/30,-0.012379
1,2003/10/31,0.002729
1,2003/11/3,0.011683
1,2003/11/4,0.018687
1,2003/11/5,-0.003192
1,2003/11/6,-0.020446
1,2003/11/7,-0.015909
1,2003/11/10,0.003664
1,2003/11/11,0.002626
1,2003/11/12,-0.01922
1,2003/11/13,0.001378
1,2003/11/14,0.008672
1,2003/11/17,-0.002215
1,2003/11/18,-0.00869
1,2003/11/19,0.016944
1,2003/11/20,0.02811
1,2003/11/21,-0.010859
1,2003/11/24,0.031177
1,2003/11/25,0.003139
1,2003/11/26,0.002481
1,2003/11/27,-0.016153
1,2003/11/28,0.005847
1,2003/12/1,0.025392
1,2003/12/2,0.001822
1,2003/12/3,0.006766
1,2003/12/4,0.005386
1,2003/12/5,-0.001164
1,2003/12/8,-0.009961
1,2003/12/9,0.004666
1,2003/12/10,0.018052
1,2003/12/11,0.000409
1,2003/12/12,0.000523
1,2003/12/15,-0.000296
1,2003/12/16,-0.002734
1,2003/12/17,-0.008417
1,2003/12/18,0.002274
1,2003/12/19,-0.007559
1,2003/12/22,0.032274
1,2003/12/23,0.005142
1,2003/12/24,0.008786
1,2003/12/25,-0.000811
1,2003/12/26,0.00144
1,2003/12/29,-0.012113
1,2003/12/30,0.0102
1,2003/12/31,-0.009689
1,2004/1/2,0.013459
1,2004/1/5,0.03372
1,2004/1/6,0.003934
1,2004/1/7,0.008054
1,2004/1/8,0.014442
1,2004/1/9,-0.0178
1,2004/1/12,0.023429
1,2004/1/13,-0.003605
1,2004/1/14,-0.012563
1,2004/1/15,-0.003724
1,2004/1/16,0.008782
1,2004/1/29,0.017753
1,2004/1/30,-0.023396
1,2004/2/2,0.02084
1,2004/2/3,0.015643
1,2004/2/4,0.021753
1,2004/2/5,0.004907
1,2004/2/6,-0.008406
1,2004/2/9,0.014493
1,2004/2/10,-0.007349
1,2004/2/11,-0.007836
1,2004/2/12,-0.008301
1,2004/2/13,-0.003181
1,2004/2/16,0.023085
1,2004/2/17,0.004094
1,2004/2/18,0.007819
1,2004/2/19,-0.000047
1,2004/2/20,0.002759
1,2004/2/23,-0.023289
1,2004/2/24,0.000382
1,2004/2/25,-0.020755
1,2004/2/26,0.004563
1,2004/2/27,0.012187
1,2004/3/1,0.008772
1,2004/3/2,-0.001469
1,2004/3/3,-0.015093
1,2004/3/4,0.00425
1,2004/3/5,-0.004061
1,2004/3/8,-0.015012
1,2004/3/9,-0.000027
1,2004/3/10,0.025028
1,2004/3/11,0.008087
1,2004/3/12,0.001833
1,2004/3/15,0.024474
1,2004/3/16,0.00537
1,2004/3/17,-0.000255
1,2004/3/18,-0.015952
1,2004/3/19,0.017826
1,2004/3/22,0.00447
1,2004/3/23,-0.007968
1,2004/3/24,-0.000942
1,2004/3/25,-0.002056
1,2004/3/26,-0.001399
1,2004/3/29,-0.008289
1,2004/3/30,0.002677
1,2004/3/31,0.01006
1,2004/4/1,0.009488
1,2004/4/2,0.005971
1,2004/4/5,-0.001222
1,2004/4/6,0.006246
1,2004/4/7,-0.001667
1,2004/4/8,-0.002408
1,2004/4/9,-0.024251
1,2004/4/12,-0.002525
1,2004/4/13,-0.004556
1,2004/4/14,-0.010483
1,2004/4/15,-0.010653
1,2004/4/16,0.008805
1,2004/4/19,-0.010612
1,2004/4/20,-0.003856
1,2004/4/21,-0.010689
1,2004/4/22,0.003759
1,2004/4/23,-0.013442
1,2004/4/26,-0.000001
1,2004/4/27,-0.014454
1,2004/4/28,-0.003139
1,2004/4/29,-0.017024
1,2004/4/30,0.010219
1,2004/5/10,-0.022169
1,2004/5/11,0.005028
1,2004/5/12,0.022773
1,2004/5/13,-0.003865
1,2004/5/14,-0.021834
1,2004/5/17,-0.014545
1,2004/5/18,0.010054
1,2004/5/19,0.001829
1,2004/5/20,-0.005921
1,2004/5/21,0.005984
1,2004/5/24,-0.005122
1,2004/5/25,-0.020836
1,2004/5/26,0.00421
1,2004/5/27,0.021478
1,2004/5/28,-0.00543
1,2004/5/31,0.004639
1,2004/6/1,0.015266
1,2004/6/2,-0.007971
1,2004/6/3,-0.015022
1,2004/6/4,-0.000934
1,2004/6/7,-0.016174
1,2004/6/8,-0.015378
1,2004/6/9,-0.017233
1,2004/6/10,0.000186
1,2004/6/11,0.002539
1,2004/6/14,-0.022646
1,2004/6/15,0.017405
1,2004/6/16,0.007951
1,2004/6/17,-0.020276
1,2004/6/18,-0.012591
1,2004/6/21,0.00432
1,2004/6/22,0.01201
1,2004/6/23,-0.006862
1,2004/6/24,-0.009006
1,2004/6/25,-0.018659
1,2004/6/28,-0.011371
1,2004/6/29,0.016971
1,2004/6/30,-0.006763
1,2004/7/1,0.029951
1,2004/7/2,0.000085
1,2004/7/5,0.002359
1,2004/7/6,0.004092
1,2004/7/7,-0.008344
1,2004/7/8,0.000963
1,2004/7/9,-0.006341
1,2004/7/12,-0.02342
1,2004/7/13,0.001656
1,2004/7/14,0.003068
1,2004/7/15,0.012672
1,2004/7/16,0.02433
1,2004/7/19,0.000966
1,2004/7/20,-0.006584
1,2004/7/21,0.000066
1,2004/7/22,-0.028037
1,2004/7/23,-0.00003
1,2004/7/26,-0.014016
1,2004/7/27,-0.002552
1,2004/7/28,0.003383
1,2004/7/29,0.013336
1,2004/7/30,-0.015014
1,2004/8/2,-0.009367
1,2004/8/3,-0.005068
1,2004/8/4,0.027994
1,2004/8/5,-0.011012
1,2004/8/6,0.001024
1,2004/8/9,0.003874
1,2004/8/10,0.003525
1,2004/8/11,-0.011283
1,2004/8/12,-0.012107
1,2004/8/13,0.000186
1,2004/8/16,-0.010186
1,2004/8/17,0.0042
1,2004/8/18,-0.001459
1,2004/8/19,-0.014111
1,2004/8/20,0.002007
1,2004/8/23,-0.012167
1,2004/8/24,0.014496
1,2004/8/25,-0.003601
1,2004/8/26,-0.004002
1,2004/8/27,-0.010348
1,2004/8/30,-0.000914
1,2004/8/31,0.017171
1,2004/9/1,-0.01535
1,2004/9/2,0.004892
1,2004/9/3,-0.000611
1,2004/9/6,-0.004258
1,2004/9/7,0.002141
1,2004/9/8,-0.011297
1,2004/9/9,-0.019114
1,2004/9/10,0.00216
1,2004/9/13,-0.020795
1,2004/9/14,0.031771
1,2004/9/15,0.042195
1,2004/9/16,0.011788
1,2004/9/17,0.031725
1,2004/9/20,0.034296
1,2004/9/21,-0.010018
1,2004/9/22,-0.019615
1,2004/9/23,0.031427
1,2004/9/24,-0.019946
1,2004/9/27,-0.005688
1,2004/9/28,0.005738
1,2004/9/29,-0.010853
1,2004/9/30,-0.016415
1,2004/10/8,0.018779
1,2004/10/11,-0.00687
1,2004/10/12,-0.02032
1,2004/10/13,0.001648
1,2004/10/14,-0.038784
1,2004/10/15,-0.001816
1,2004/10/18,0.003665
1,2004/10/19,0.001665
1,2004/10/20,-0.005259
1,2004/10/21,-0.01506
1,2004/10/22,0.014353
1,2004/10/25,-0.013694
1,2004/10/26,0.010397
1,2004/10/27,0.013599
1,2004/10/28,-0.000791
1,2004/10/29,-0.015801
1,2004/11/1,-0.011545
1,2004/11/2,-0.002883
1,2004/11/3,0.019378
1,2004/11/4,-0.016562
1,2004/11/5,0.00027
1,2004/11/8,-0.000689
1,2004/11/9,0.002454
1,2004/11/10,0.035916
1,2004/11/11,-0.005402
1,2004/11/12,0.003821
1,2004/11/15,0.013185
1,2004/11/16,0.00025
1,2004/11/17,-0.010399
1,2004/11/18,0.00862
1,2004/11/19,0.00887
1,2004/11/22,0.002217
1,2004/11/23,-0.008515
1,2004/11/24,-0.008838
1,2004/11/25,-0.000583
1,2004/11/26,-0.001182
1,2004/11/29,-0.01422
1,2004/11/30,0.002495
1,2004/12/1,-0.004346
1,2004/12/2,-0.001389
1,2004/12/3,0.003081
1,2004/12/6,0.00183
1,2004/12/7,-0.011863
1,2004/12/8,0.002029
1,2004/12/9,0.009327
1,2004/12/10,-0.015755
1,2004/12/13,-0.006088
1,2004/12/14,-0.001635
1,2004/12/15,0.0042
1,2004/12/16,-0.006113
1,2004/12/17,-0.011132
1,2004/12/20,-0.011648
1,2004/12/21,-0.000227
1,2004/12/22,0.025408
1,2004/12/23,-0.019005
1,2004/12/24,0.001806
1,2004/12/27,-0.003707
1,2004/12/28,-0.001038
1,2004/12/29,-0.00362
1,2004/12/30,-0.000474
1,2004/12/31,-0.005663
1,2005/1/4,-0.01873
1,2005/1/5,0.007373
1,2005/1/6,-0.00999
1,2005/1/7,0.004289
1,2005/1/10,0.00615
1,2005/1/11,0.004041
1,2005/1/12,-0.000429
1,2005/1/13,-0.000485
1,2005/1/14,-0.008512
1,2005/1/17,-0.023256
1,2005/1/18,0.007235
1,2005/1/19,-0.005995
1,2005/1/20,-0.011258
1,2005/1/21,0.024977
1,2005/1/24,0.017255
1,2005/1/25,-0.001229
1,2005/1/26,-0.009788
1,2005/1/27,-0.012937
1,2005/1/28,-0.009967
1,2005/1/31,-0.018003
1,2005/2/1,-0.002427
1,2005/2/2,0.053468
1,2005/2/3,-0.008138
1,2005/2/4,0.02149
1,2005/2/16,0.007782
1,2005/2/17,-0.002147
1,2005/2/18,-0.013451
1,2005/2/21,0.020263
1,2005/2/22,0.019305
1,2005/2/23,0.000151
1,2005/2/24,0.000362
1,2005/2/25,0.001905
1,2005/2/28,-0.004908
1,2005/3/1,-0.001984
1,2005/3/2,-0.012246
1,2005/3/3,0.005351
1,2005/3/4,-0.005118
1,2005/3/7,0.004679
1,2005/3/8,0.018962
1,2005/3/9,-0.001123
1,2005/3/10,-0.023206
1,2005/3/11,0.002883
1,2005/3/14,0.002759
1,2005/3/15,-0.01883
1,2005/3/16,-0.01068
1,2005/3/17,-0.009648
1,2005/3/18,-0.012925
1,2005/3/21,0.002968
1,2005/3/22,-0.019596
1,2005/3/23,-0.004369
1,2005/3/24,0.005445
1,2005/3/25,-0.002117
1,2005/3/28,-0.004579
1,2005/3/29,-0.004245
1,2005/3/30,-0.018781
1,2005/3/31,0.007387
1,2005/4/1,0.035835
1,2005/4/4,-0.016835
1,2005/4/5,-0.009329
1,2005/4/6,0.019403
1,2005/4/7,0.008741
1,2005/4/8,0.018796
1,2005/4/11,-0.006046
1,2005/4/12,-0.017294
1,2005/4/13,0.023527
1,2005/4/14,-0.011113
1,2005/4/15,-0.014072
1,2005/4/18,-0.015799
1,2005/4/19,0.001809
1,2005/4/20,-0.013092
1,2005/4/21,-0.009827
1,2005/4/22,-0.002873
1,2005/4/25,-0.009593
1,2005/4/26,0.006359
1,2005/4/27,-0.014226
1,2005/4/28,0.017724
1,2005/4/29,-0.00853
1,2005/5/9,-0.024424
1,2005/5/10,0.004179
1,2005/5/11,-0.009942
1,2005/5/12,-0.018037
1,2005/5/13,0.003292
1,2005/5/16,-0.010978
1,2005/5/17,0.003808
1,2005/5/18,0.003024
1,2005/5/19,0.000462
1,2005/5/20,-0.003812
1,2005/5/23,-0.025858
1,2005/5/24,0.002804
1,2005/5/25,-0.001592
1,2005/5/26,-0.012377
1,2005/5/27,-0.006536
1,2005/5/30,0.00781
1,2005/5/31,0.000543
1,2005/6/1,-0.020317
1,2005/6/2,-0.022252
1,2005/6/3,-0.002388
1,2005/6/6,0.020462
1,2005/6/7,-0.003323
1,2005/6/8,0.082101
1,2005/6/9,0.013867
1,2005/6/10,-0.020128
1,2005/6/13,-0.0018
1,2005/6/14,-0.011595
1,2005/6/15,-0.018865
1,2005/6/16,0.01228
1,2005/6/17,-0.000368
1,2005/6/20,0.027643
1,2005/6/21,-0.012669
1,2005/6/22,0.000497
1,2005/6/23,-0.00756
1,2005/6/24,0.007479
1,2005/6/27,0.020654
1,2005/6/28,-0.014273
1,2005/6/29,-0.003244
1,2005/6/30,-0.021768
1,2005/7/1,-0.023446
1,2005/7/4,-0.007878
1,2005/7/5,-0.007863
1,2005/7/6,-0.005291
1,2005/7/7,0.004888
1,2005/7/8,-0.019848
1,2005/7/11,-0.006369
1,2005/7/12,0.034268
1,2005/7/13,-0.00838
1,2005/7/14,0.002913
1,2005/7/15,-0.013745
1,2005/7/18,-0.013661
1,2005/7/19,0.002231
1,2005/7/20,0.006602
1,2005/7/21,-0.000411
1,2005/7/22,0.02517
1,2005/7/25,-0.00088
1,2005/7/26,0.026217
1,2005/7/27,0.015941
1,2005/7/28,-0.003084
1,2005/7/29,-0.003235
1,2005/8/1,0.005462
1,2005/8/2,0.013857
1,2005/8/3,0.003316
1,2005/8/4,-0.004613
1,2005/8/5,0.023721
1,2005/8/8,0.008983
1,2005/8/9,0.011987
1,2005/8/10,0.010845
1,2005/8/11,0.015919
1,2005/8/12,-0.013234
1,2005/8/15,0.016346
1,2005/8/16,-0.008195
1,2005/8/17,0.013214
1,2005/8/18,-0.037557
1,2005/8/19,0.001872
1,2005/8/22,0.007314
1,2005/8/23,-0.007457
1,2005/8/24,0.01494
1,2005/8/25,0.004574
1,2005/8/26,-0.000525
1,2005/8/29,-0.014875
1,2005/8/30,-0.006967
1,2005/8/31,0.014317
1,2005/9/1,0.019036
1,2005/9/2,0.003304
1,2005/9/5,0.006204
1,2005/9/6,-0.019145
1,2005/9/7,0.017887
1,2005/9/8,0.000085
1,2005/9/9,-0.004007
1,2005/9/12,-0.001188
1,2005/9/13,0.01595
1,2005/9/14,0.008364
1,2005/9/15,0.000016
1,2005/9/16,-0.00356
1,2005/9/19,0.006332
1,2005/9/20,-0.006562
1,2005/9/21,-0.020311
1,2005/9/22,-0.023593
1,2005/9/23,-0.00688
1,2005/9/26,0.002658
1,2005/9/27,-0.018878
1,2005/9/28,-0.001291
1,2005/9/29,0.02095
1,2005/9/30,0.000108
1,2005/10/10,-0.014417
1,2005/10/11,0.016017
1,2005/10/12,0.004028
1,2005/10/13,-0.007958
1,2005/10/14,-0.011331
1,2005/10/17,-0.007171
1,2005/10/18,0.008685
1,2005/10/19,-0.005777
1,2005/10/20,0.001182
1,2005/10/21,0.004726
1,2005/10/24,-0.000129
1,2005/10/25,-0.016871
1,2005/10/26,-0.022067
1,2005/10/27,0.000566
1,2005/10/28,-0.015408
1,2005/10/31,0.011056
1,2005/11/1,-0.002623
1,2005/11/2,0.013617
1,2005/11/3,-0.008616
1,2005/11/4,0.004357
1,2005/11/7,0.00055
1,2005/11/8,0.008629
1,2005/11/9,-0.001796
1,2005/11/10,-0.017914
1,2005/11/11,0.00174
1,2005/11/14,-0.001414
1,2005/11/15,-0.001052
1,2005/11/16,0.007708
1,2005/11/17,-0.000529
1,2005/11/18,0.019802
1,2005/11/21,0.002629
1,2005/11/22,-0.019002
1,2005/11/23,0.006454
1,2005/11/24,0.006899
1,2005/11/25,0.001385
1,2005/11/28,-0.003671
1,2005/11/29,-0.012457
1,2005/11/30,0.002074
1,2005/12/1,-0.000468
1,2005/12/2,-0.004059
1,2005/12/5,-0.01379
1,2005/12/6,0.007966
1,2005/12/7,0.010867
1,2005/12/8,-0.001175
1,2005/12/9,0.013797
1,2005/12/12,0.002595
1,2005/12/13,0.001325
1,2005/12/14,0.006746
1,2005/12/15,-0.001628
1,2005/12/16,0.003518
1,2005/12/19,0.003763
1,2005/12/20,0.004057
1,2005/12/21,-0.004913
1,2005/12/22,0.003961
1,2005/12/23,0.008485
1,2005/12/26,0.01044
1,2005/12/27,-0.002191
1,2005/12/28,0.002379
1,2005/12/29,0.011087
1,2005/12/30,-0.007527
1,2006/1/4,0.017145
1,2006/1/5,0.013807
1,2006/1/6,0.010151
1,2006/1/9,0.005164
1,2006/1/10,0.004072
1,2006/1/11,-0.007836
1,2006/1/12,0.012923
1,2006/1/13,-0.004276
1,2006/1/16,-0.01522
1,2006/1/17,0.00463
1,2006/1/18,0.020615
1,2006/1/19,0.014778
1,2006/1/20,0.002982
1,2006/1/23,0.000371
1,2006/1/24,-0.002956
1,2006/1/25,0.004779
1,2006/2/6,0.023513
1,2006/2/7,-0.004295
1,2006/2/8,0.006208
1,2006/2/9,-0.015969
1,2006/2/10,0.0104
1,2006/2/13,-0.002351
1,2006/2/14,0.005226
1,2006/2/15,0.009981
1,2006/2/16,-0.021963
1,2006/2/17,-0.002538
1,2006/2/20,0.000106
1,2006/2/21,0.01647
1,2006/2/22,-0.003254
1,2006/2/23,0.003598
1,2006/2/24,0.006222
1,2006/2/27,0.000247
1,2006/2/28,0.001422
1,2006/3/1,0.005817
1,2006/3/2,-0.016011
1,2006/3/3,0.005935
1,2006/3/6,-0.003357
1,2006/3/7,-0.022529
1,2006/3/8,-0.007566
1,2006/3/9,-0.004173
1,2006/3/10,0.000391
1,2006/3/13,0.011256
1,2006/3/14,-0.0005
1,2006/3/15,0.012524
1,2006/3/16,-0.000488
1,2006/3/17,-0.003711
1,2006/3/20,0.014932
1,2006/3/21,0.001534
1,2006/3/22,0.004891
1,2006/3/23,0.004435
1,2006/3/24,-0.005953
1,2006/3/27,-0.003486
1,2006/3/28,0.006666
1,2006/3/29,0.005217
1,2006/3/30,-0.00831
1,2006/3/31,0.002763
1,2006/4/3,0.016311
1,2006/4/4,0.007827
1,2006/4/5,0.007794
1,2006/4/6,-0.000317
1,2006/4/7,0.002409
1,2006/4/10,0.012
1,2006/4/11,0.002316
1,2006/4/12,-0.001539
1,2006/4/13,-0.020441
1,2006/4/14,0.020421
1,2006/4/17,0.014031
1,2006/4/18,0.004715
1,2006/4/19,0.008366
1,2006/4/20,-0.007734
1,2006/4/21,0.022291
1,2006/4/24,-0.004946
1,2006/4/25,-0.007107
1,2006/4/26,0.012652
1,2006/4/27,-0.000526
1,2006/4/28,0.016581
1,2006/5/8,0.039495
1,2006/5/9,0.022749
1,2006/5/10,0.009487
1,2006/5/11,-0.005376
1,2006/5/12,0.042576
1,2006/5/15,0.038217
1,2006/5/16,-0.030549
1,2006/5/17,0.007373
1,2006/5/18,-0.00484
1,2006/5/19,0.026133
1,2006/5/22,-0.001118
1,2006/5/23,-0.032055
1,2006/5/24,-0.008493
1,2006/5/25,0.000315
1,2006/5/26,0.014119
1,2006/5/29,0.021466
1,2006/5/30,0.005308
1,2006/5/31,-0.009647
1,2006/6/1,0.026135
1,2006/6/2,-0.008785
1,2006/6/5,0.00912
1,2006/6/6,-0.003264
1,2006/6/7,-0.05335
1,2006/6/8,0.001224
1,2006/6/9,-0.0252
1,2006/6/12,0.000911
1,2006/6/13,-0.002771
1,2006/6/14,-0.011087
1,2006/6/15,0.001732
1,2006/6/16,0.026393
1,2006/6/19,0.007507
1,2006/6/20,0.003811
1,2006/6/21,0.003632
1,2006/6/22,-0.001283
1,2006/6/23,0.006043
1,2006/6/26,0.017275
1,2006/6/27,0.003736
1,2006/6/28,-0.000162
1,2006/6/29,0.019723
1,2006/6/30,0.000355
1,2006/7/3,0.014993
1,2006/7/4,-0.009271
1,2006/7/5,0.022008
1,2006/7/6,0.013334
1,2006/7/7,-0.006477
1,2006/7/10,0.002392
1,2006/7/11,0.006618
1,2006/7/12,-0.003326
1,2006/7/13,-0.048406
1,2006/7/14,0.005698
1,2006/7/17,0.010617
1,2006/7/18,0.000811
1,2006/7/19,-0.02321
1,2006/7/20,0.006055
1,2006/7/21,0.006166
1,2006/7/24,0.00037
1,2006/7/25,0.011715
1,2006/7/26,0.000708
1,2006/7/27,-0.00681
1,2006/7/28,-0.007842
1,2006/7/31,-0.029661
1,2006/8/1,-0.007515
1,2006/8/2,0.000161
1,2006/8/3,0.000116
1,2006/8/4,-0.019305
1,2006/8/7,-0.014466
1,2006/8/8,0.021417
1,2006/8/9,-0.001272
1,2006/8/10,0.01742
1,2006/8/11,-0.000087
1,2006/8/14,-0.021911
1,2006/8/15,0.015865
1,2006/8/16,0.013006
1,2006/8/17,-0.008091
1,2006/8/18,-0.003314
1,2006/8/21,0.00196
1,2006/8/22,0.007623
1,2006/8/23,-0.000594
1,2006/8/24,0.006587
1,2006/8/25,0.00001
1,2006/8/28,0.016884
1,2006/8/29,0.000355
1,2006/8/30,0.002526
1,2006/8/31,0.00208
1,2006/9/1,-0.013232
1,2006/9/4,0.012726
1,2006/9/5,0.003957
1,2006/9/6,0.004833
1,2006/9/7,-0.006537
1,2006/9/8,0.00409
1,2006/9/11,0.004186
1,2006/9/12,0.012475
1,2006/9/13,-0.003817
1,2006/9/14,0.000179
1,2006/9/15,0.018555
1,2006/9/18,0.006939
1,2006/9/19,0.001301
1,2006/9/20,-0.001607
1,2006/9/21,0.004876
1,2006/9/22,-0.008926
1,2006/9/25,-0.001736
1,2006/9/26,-0.005649
1,2006/9/27,0.007241
1,2006/9/28,0.006912
1,2006/9/29,0.008901
1,2006/10/9,0.018809
1,2006/10/10,-0.000293
1,2006/10/11,0.002937
1,2006/10/12,-0.006661
1,2006/10/13,0.003641
1,2006/10/16,-0.007484
1,2006/10/17,-0.004177
1,2006/10/18,0.0132
1,2006/10/19,0.002836
1,2006/10/20,-0.001054
1,2006/10/23,-0.017298
1,2006/10/24,0.026024
1,2006/10/25,0.000812
1,2006/10/26,0.002214
1,2006/10/27,-0.001917
1,2006/10/30,0.001373
1,2006/10/31,0.015659
1,2006/11/1,0.009641
1,2006/11/2,-0.002371
1,2006/11/3,0.008128
1,2006/11/6,0.010687
1,2006/11/7,0.001709
1,2006/11/8,-0.01202
1,2006/11/9,0.015891
1,2006/11/10,-0.006926
1,2006/11/13,-0.010397
1,2006/11/14,0.013131
1,2006/11/15,0.018375
1,2006/11/16,0.009679
1,2006/11/17,0.015578
1,2006/11/20,0.023068
1,2006/11/21,0.01005
1,2006/11/22,0.001866
1,2006/11/23,0.010291
1,2006/11/24,-0.005601
1,2006/11/27,-0.001724
1,2006/11/28,-0.004179
1,2006/11/29,0.007539
1,2006/11/30,0.022004
1,2006/12/1,0.001315
1,2006/12/4,0.028353
1,2006/12/5,0.005383
1,2006/12/6,-0.007675
1,2006/12/7,0.000068
1,2006/12/8,-0.029263
1,2006/12/11,0.041487
1,2006/12/12,0.017636
1,2006/12/13,0.00203
1,2006/12/14,0.011538
1,2006/12/15,0.011026
1,2006/12/18,0.025738
1,2006/12/19,0.013609
1,2006/12/20,0.003819
1,2006/12/21,-0.012754
1,2006/12/22,0.000312
1,2006/12/25,0.039295
1,2006/12/26,0.018052
1,2006/12/27,0.022847
1,2006/12/28,0.012304
1,2006/12/29,0.042016
1,2007/1/4,0.015042
1,2007/1/5,-0.027391
1,2007/1/8,0.024936
1,2007/1/9,0.037162
1,2007/1/10,0.00633
1,2007/1/11,-0.01963
1,2007/1/12,-0.036822
1,2007/1/15,0.047446
1,2007/1/16,0.009416
1,2007/1/17,-0.01493
1,2007/1/18,-0.007887
1,2007/1/19,0.027285
1,2007/1/22,0.035655
1,2007/1/23,0.005439
1,2007/1/24,0.008811
1,2007/1/25,-0.039583
1,2007/1/26,0.008817
1,2007/1/29,0.021753
1,2007/1/30,-0.004991
1,2007/1/31,-0.049215
1,2007/2/1,-0.000324
1,2007/2/2,-0.040288
1,2007/2/5,-0.022697
1,2007/2/6,0.024176
1,2007/2/7,0.015128
1,2007/2/8,0.007937
1,2007/2/9,-0.002683
1,2007/2/12,0.028123
1,2007/2/13,0.008798
1,2007/2/14,0.025856
1,2007/2/15,0.030262
1,2007/2/16,0.001826
1,2007/2/26,0.014049
1,2007/2/27,-0.088406
1,2007/2/28,0.039426
1,2007/3/1,-0.029115
1,2007/3/2,0.012275
1,2007/3/5,-0.016323
1,2007/3/6,0.019699
1,2007/3/7,0.019865
1,2007/3/8,0.010848
1,2007/3/9,0.003379
1,2007/3/12,0.005788
1,2007/3/13,0.003344
1,2007/3/14,-0.019718
1,2007/3/15,0.015609
1,2007/3/16,-0.007188
1,2007/3/19,0.028651
1,2007/3/20,0.005889
1,2007/3/21,0.008306
1,2007/3/22,0.004528
1,2007/3/23,0.000997
1,2007/3/26,0.015784
1,2007/3/27,0.005128
1,2007/3/28,0.010893
1,2007/3/29,0.007727
1,2007/3/30,-0.004239
1,2007/4/2,0.021549
1,2007/4/3,0.011899
1,2007/4/4,0.000074
1,2007/4/5,0.008385
1,2007/4/6,0.001339
1,2007/4/9,0.022676
1,2007/4/10,0.01334
1,2007/4/11,0.014788
1,2007/4/12,0.010244
1,2007/4/13,-0.003614
1,2007/4/16,0.022219
1,2007/4/17,0.00429
1,2007/4/18,0.000146
1,2007/4/19,-0.045228
1,2007/4/20,0.039196
1,2007/4/23,0.035345
1,2007/4/24,0.002599
1,2007/4/25,0.006297
1,2007/4/26,0.010445
1,2007/4/27,-0.006132
1,2007/4/30,0.021651
1,2007/5/8,0.028308
1,2007/5/9,0.015968
1,2007/5/10,0.009124
1,2007/5/11,-0.00692
1,2007/5/14,0.006145
1,2007/5/15,-0.036382
1,2007/5/16,0.022278
1,2007/5/17,0.015617
1,2007/5/18,-0.004455
1,2007/5/21,0.010413
1,2007/5/22,0.009369
1,2007/5/23,0.015407
1,2007/5/24,-0.005409
1,2007/5/25,0.0069
1,2007/5/28,0.022091
1,2007/5/29,0.014703
1,2007/5/30,-0.065015
1,2007/5/31,0.013956
1,2007/6/1,-0.026502
1,2007/6/4,-0.08257
1,2007/6/5,0.026346
1,2007/6/6,0.002446
1,2007/6/7,0.030317
1,2007/6/8,0.00574
1,2007/6/11,0.021094
1,2007/6/12,0.019135
1,2007/6/13,0.025623
1,2007/6/14,-0.01467
1,2007/6/15,0.004291
1,2007/6/18,0.029151
1,2007/6/19,0.003803
1,2007/6/20,-0.020658
1,2007/6/21,0.011838
1,2007/6/22,-0.032943
1,2007/6/25,-0.036751
1,2007/6/26,0.008193
1,2007/6/27,0.026483
1,2007/6/28,-0.040307
1,2007/6/29,-0.023888
1,2007/7/2,0.004081
1,2007/7/3,0.016534
1,2007/7/4,-0.021427
1,2007/7/5,-0.052485
1,2007/7/6,0.045764
1,2007/7/9,0.02694
1,2007/7/10,-0.007776
1,2007/7/11,0.003297
1,2007/7/12,0.013004
1,2007/7/13,-0.000408
1,2007/7/16,-0.023625
1,2007/7/17,0.019434
1,2007/7/18,0.008693
1,2007/7/19,-0.004356
1,2007/7/20,0.03729
1,2007/7/23,0.038067
1,2007/7/24,-0.00072
1,2007/7/25,0.02699
1,2007/7/26,0.005202
1,2007/7/27,-0.000253
1,2007/7/30,0.021957
1,2007/7/31,0.006815
1,2007/8/1,-0.038127
1,2007/8/2,0.024919
1,2007/8/3,0.034722
1,2007/8/6,0.014764
1,2007/8/7,0.004995
1,2007/8/8,0.002566
1,2007/8/9,0.0195
1,2007/8/10,-0.000994
1,2007/8/13,0.014885
1,2007/8/14,0.010938
1,2007/8/15,-0.000596
1,2007/8/16,-0.021445
1,2007/8/17,-0.022847
1,2007/8/20,0.053318
1,2007/8/21,0.010266
1,2007/8/22,0.005019
1,2007/8/23,0.010526
1,2007/8/24,0.014938
1,2007/8/27,0.008311
1,2007/8/28,0.008654
1,2007/8/29,-0.016413
1,2007/8/30,0.011441
1,2007/8/31,0.009857
1,2007/9/3,0.019589
1,2007/9/4,-0.005076
1,2007/9/5,0.003149
1,2007/9/6,0.015618
1,2007/9/7,-0.021596
1,2007/9/10,0.014802
1,2007/9/11,-0.045062
1,2007/9/12,0.01147
1,2007/9/13,0.019519
1,2007/9/14,0.007318
1,2007/9/17,0.020558
1,2007/9/18,0.000704
1,2007/9/19,-0.005519
1,2007/9/20,0.013864
1,2007/9/21,-0.002814
1,2007/9/24,0.005562
1,2007/9/25,-0.010781
1,2007/9/26,-0.016101
1,2007/9/27,0.013278
1,2007/9/28,0.026417
1,2007/10/8,0.025297
1,2007/10/9,0.004064
1,2007/10/10,0.009722
1,2007/10/11,0.024563
1,2007/10/12,-0.001685
1,2007/10/15,0.021483
1,2007/10/16,0.010277
1,2007/10/17,-0.009156
1,2007/10/18,-0.034955
1,2007/10/19,-0.001242
1,2007/10/22,-0.025905
1,2007/10/23,0.018713
1,2007/10/24,0.012076
1,2007/10/25,-0.048042
1,2007/10/26,0.004897
1,2007/10/29,0.028332
1,2007/10/30,0.025956
1,2007/10/31,0.009763
1,2007/11/1,-0.006798
1,2007/11/2,-0.023076
1,2007/11/5,-0.024812
1,2007/11/6,-0.017372
1,2007/11/7,0.011779
1,2007/11/8,-0.048513
1,2007/11/9,-0.002717
1,2007/11/12,-0.024044
1,2007/11/13,-0.005709
1,2007/11/14,0.049354
1,2007/11/15,-0.008762
1,2007/11/16,-0.009132
1,2007/11/19,-0.008739
1,2007/11/20,0.004533
1,2007/11/21,-0.015014
1,2007/11/22,-0.044122
1,2007/11/23,0.009624
1,2007/11/26,-0.014563
1,2007/11/27,-0.01971
1,2007/11/28,-0.011873
1,2007/11/29,0.041625
1,2007/11/30,-0.026293
1,2007/12/3,-0.00065
1,2007/12/4,0.009711
1,2007/12/5,0.025787
1,2007/12/6,-0.001503
1,2007/12/7,0.011258
1,2007/12/10,0.01378
1,2007/12/11,0.002549
1,2007/12/12,-0.015368
1,2007/12/13,-0.026984
1,2007/12/14,0.010058
1,2007/12/17,-0.026189
1,2007/12/18,-0.008323
1,2007/12/19,0.021838
1,2007/12/20,0.02059
1,2007/12/21,0.011548
1,2007/12/24,0.025968
1,2007/12/25,-0.00632
1,2007/12/26,0.006185
1,2007/12/27,0.014434
1,2007/12/28,-0.008914
1,2008/1/2,0.002138
1,2008/1/3,0.008923
1,2008/1/4,0.007841
1,2008/1/7,0.005925
1,2008/1/8,-0.001263
1,2008/1/9,0.009148
1,2008/1/10,0.003814
1,2008/1/11,0.005156
1,2008/1/14,0.002411
1,2008/1/15,-0.009842
1,2008/1/16,-0.028139
1,2008/1/17,-0.026269
1,2008/1/18,0.005608
1,2008/1/21,-0.051362
1,2008/1/22,-0.072172
1,2008/1/23,0.031426
1,2008/1/24,0.003123
1,2008/1/25,0.009317
1,2008/1/28,-0.071906
1,2008/1/29,0.008746
1,2008/1/30,-0.008994
1,2008/1/31,-0.007799
1,2008/2/1,-0.014287
1,2008/2/4,0.081329
1,2008/2/5,-0.015512
1,2008/2/13,-0.023692
1,2008/2/14,0.013716
1,2008/2/15,-0.012123
1,2008/2/18,0.015793
1,2008/2/19,0.021047
1,2008/2/20,-0.020854
1,2008/2/21,-0.008725
1,2008/2/22,-0.034656
1,2008/2/25,-0.040673
1,2008/2/26,0.010887
1,2008/2/27,0.02262
1,2008/2/28,-0.007968
1,2008/2/29,0.011404
1,2008/3/3,0.020633
1,2008/3/4,-0.023166
1,2008/3/5,-0.00987
1,2008/3/6,0.015918
1,2008/3/7,-0.013866
1,2008/3/10,-0.03586
1,2008/3/11,0.004722
1,2008/3/12,-0.022987
1,2008/3/13,-0.024289
1,2008/3/14,-0.002162
1,2008/3/17,-0.035992
1,2008/3/18,-0.039568
1,2008/3/19,0.025269
1,2008/3/20,0.011285
1,2008/3/21,-0.001966
1,2008/3/24,-0.044879
1,2008/3/25,0.000946
1,2008/3/26,-0.006271
1,2008/3/27,-0.054165
1,2008/3/28,0.049437
1,2008/3/31,-0.030008
1,2008/4/1,-0.041337
1,2008/4/2,0.005623
1,2008/4/3,0.02938
1,2008/4/7,0.044505
1,2008/4/8,0.00359
1,2008/4/9,-0.054984
1,2008/4/10,0.016941
1,2008/4/11,0.006092
1,2008/4/14,-0.056177
1,2008/4/15,0.015677
1,2008/4/16,-0.01695
1,2008/4/17,-0.020919
1,2008/4/18,-0.03974
1,2008/4/21,0.007209
1,2008/4/22,0.009887
1,2008/4/23,0.041469
1,2008/4/24,0.092943
1,2008/4/25,-0.007055
1,2008/4/28,-0.023337
1,2008/4/29,0.014011
1,2008/4/30,0.048164
1,2008/5/5,0.018386
1,2008/5/6,-0.007313
1,2008/5/7,-0.041343
1,2008/5/8,0.021707
1,2008/5/9,-0.011853
1,2008/5/12,0.003733
1,2008/5/13,-0.018401
1,2008/5/14,0.027298
1,2008/5/15,-0.005498
1,2008/5/16,-0.003599
1,2008/5/19,-0.005373
1,2008/5/20,-0.044829
1,2008/5/21,0.02934
1,2008/5/22,-0.016522
1,2008/5/23,-0.003597
1,2008/5/26,-0.031254
1,2008/5/27,0.003229
1,2008/5/28,0.024773
1,2008/5/29,-0.016649
1,2008/5/30,0.009383
1,2008/6/2,0.007482
1,2008/6/3,-0.006547
1,2008/6/4,-0.019347
1,2008/6/5,-0.005421
1,2008/6/6,-0.006556
1,2008/6/10,-0.077286
1,2008/6/11,-0.015654
1,2008/6/12,-0.022058
1,2008/6/13,-0.030002
1,2008/6/16,0.001849
1,2008/6/17,-0.027609
1,2008/6/18,0.052371
1,2008/6/19,-0.065363
1,2008/6/20,0.030144
1,2008/6/23,-0.025186
1,2008/6/24,0.015433
1,2008/6/25,0.036388
1,2008/6/26,-0.001089
1,2008/6/27,-0.052869
1,2008/6/30,-0.004486
1,2008/7/1,-0.030883
1,2008/7/2,0.000045
1,2008/7/3,0.019536
1,2008/7/4,-0.012442
1,2008/7/7,0.045884
1,2008/7/8,0.008075
1,2008/7/9,0.037514
1,2008/7/10,-0.015441
1,2008/7/11,-0.006544
1,2008/7/14,0.007569
1,2008/7/15,-0.034329
1,2008/7/16,-0.026473
1,2008/7/17,-0.007794
1,2008/7/18,0.034859
1,2008/7/21,0.029892
1,2008/7/22,-0.005347
1,2008/7/23,-0.002905
1,2008/7/24,0.025527
1,2008/7/25,-0.015528
1,2008/7/28,0.013232
1,2008/7/29,-0.018154
1,2008/7/30,-0.004786
1,2008/7/31,-0.021487
1,2008/8/1,0.009403
1,2008/8/4,-0.021442
1,2008/8/5,-0.018599
1,2008/8/6,0.010637
1,2008/8/7,0.003019
1,2008/8/8,-0.044676
1,2008/8/11,-0.052057
1,2008/8/12,-0.005213
1,2008/8/13,-0.004436
1,2008/8/14,-0.003767
1,2008/8/15,0.005551
1,2008/8/18,-0.053351
1,2008/8/19,0.010604
1,2008/8/20,0.07627
1,2008/8/21,-0.036288
1,2008/8/22,-0.010894
1,2008/8/25,0.003388
1,2008/8/26,-0.026225
1,2008/8/27,-0.003377
1,2008/8/28,0.003414
1,2008/8/29,0.020095
1,2008/9/1,-0.030131
1,2008/9/2,-0.008707
1,2008/9/3,-0.012243
1,2008/9/4,0.000325
1,2008/9/5,-0.032917
1,2008/9/8,-0.0268
1,2008/9/9,0.0011
1,2008/9/10,0.002321
1,2008/9/11,-0.033373
1,2008/9/12,0.000333
1,2008/9/16,-0.044736
1,2008/9/17,-0.028988
1,2008/9/18,-0.017216
1,2008/9/19,0.094551
1,2008/9/22,0.077741
1,2008/9/23,-0.015605
1,2008/9/24,0.00695
1,2008/9/25,0.036399
1,2008/9/26,-0.001618
1,2008/10/6,-0.052335
1,2008/10/7,-0.007314
1,2008/10/8,-0.030408
1,2008/10/9,-0.008432
1,2008/10/10,-0.035675
1,2008/10/13,0.036488
1,2008/10/14,-0.027126
1,2008/10/15,-0.01123
1,2008/10/16,-0.042476
1,2008/10/17,0.010843
1,2008/10/20,0.022456
1,2008/10/21,-0.00784
1,2008/10/22,-0.032017
1,2008/10/23,-0.010687
1,2008/10/24,-0.019162
1,2008/10/27,-0.063203
1,2008/10/28,0.028125
1,2008/10/29,-0.029353
1,2008/10/30,0.025465
1,2008/10/31,-0.019744
1,2008/11/3,-0.005213
1,2008/11/4,-0.0076
1,2008/11/5,0.031585
1,2008/11/6,-0.024359
1,2008/11/7,0.01746
1,2008/11/10,0.072717
1,2008/11/11,-0.016639
1,2008/11/12,0.008409
1,2008/11/13,0.036847
1,2008/11/14,0.030517
1,2008/11/17,0.022174
1,2008/11/18,-0.063066
1,2008/11/19,0.060472
1,2008/11/20,-0.016711
1,2008/11/21,-0.007244
1,2008/11/24,-0.036727
1,2008/11/25,-0.004399
1,2008/11/26,0.004855
1,2008/11/27,0.010526
1,2008/11/28,-0.024353
1,2008/12/1,0.012537
1,2008/12/2,-0.002627
1,2008/12/3,0.040101
1,2008/12/4,0.018363
1,2008/12/5,0.00857
1,2008/12/8,0.035725
1,2008/12/9,-0.025365
1,2008/12/10,0.020305
1,2008/12/11,-0.022815
1,2008/12/12,-0.038129
1,2008/12/15,0.005199
1,2008/12/16,0.005412
1,2008/12/17,0.000918
1,2008/12/18,0.019665
1,2008/12/19,0.001374
1,2008/12/22,-0.015214
1,2008/12/23,-0.045544
1,2008/12/24,-0.017618
1,2008/12/25,-0.006106
1,2008/12/26,-0.000486
1,2008/12/29,-0.000561
1,2008/12/30,-0.009495
1,2008/12/31,-0.006604
1,2009/1/5,0.032904
1,2009/1/6,0.030004
1,2009/1/7,-0.00678
1,2009/1/8,-0.023821
1,2009/1/9,0.014205
1,2009/1/12,-0.00237
1,2009/1/13,-0.01946
1,2009/1/14,0.035152
1,2009/1/15,-0.004491
1,2009/1/16,0.017827
1,2009/1/19,0.016493
1,2009/1/20,0.003742
1,2009/1/21,-0.004559
1,2009/1/22,0.010043
1,2009/1/23,-0.007129
1,2009/2/2,0.010562
1,2009/2/3,0.02442
1,2009/2/4,0.022778
1,2009/2/5,-0.004617
1,2009/2/6,0.039666
1,2009/2/9,0.019931
1,2009/2/10,0.018181
1,2009/2/11,-0.001916
1,2009/2/12,-0.00563
1,2009/2/13,0.032339
1,2009/2/16,0.029557
1,2009/2/17,-0.029274
1,2009/2/18,-0.047244
1,2009/2/19,0.007812
1,2009/2/20,0.015425
1,2009/2/23,0.019589
1,2009/2/24,-0.045591
1,2009/2/25,0.00269
1,2009/2/26,-0.038668
1,2009/2/27,-0.018102
1,2009/3/2,0.005087
1,2009/3/3,-0.010517
1,2009/3/4,0.061154
1,2009/3/5,0.010449
1,2009/3/6,-0.012638
1,2009/3/9,-0.033862
1,2009/3/10,0.018794
1,2009/3/11,-0.009054
1,2009/3/12,-0.002405
1,2009/3/13,-0.002359
1,2009/3/16,0.011482
1,2009/3/17,0.030203
1,2009/3/18,0.002434
1,2009/3/19,0.018903
1,2009/3/20,0.006765
1,2009/3/23,0.019461
1,2009/3/24,0.005564
1,2009/3/25,-0.020041
1,2009/3/26,0.030612
1,2009/3/27,0.005392
1,2009/3/30,-0.006906
1,2009/3/31,0.006435
1,2009/4/1,0.014665
1,2009/4/2,0.007174
1,2009/4/3,-0.002273
1,2009/4/7,0.008019
1,2009/4/8,-0.037634
1,2009/4/9,0.013841
1,2009/4/10,0.027039
1,2009/4/13,0.028424
1,2009/4/14,0.005363
1,2009/4/15,0.003512
1,2009/4/16,-0.000758
1,2009/4/17,-0.011917
1,2009/4/20,0.021375
1,2009/4/21,-0.008457
1,2009/4/22,-0.029372
1,2009/4/23,0.00106
1,2009/4/24,-0.006233
1,2009/4/27,-0.017662
1,2009/4/28,-0.001626
1,2009/4/29,0.027798
1,2009/4/30,0.003799
1,2009/5/4,0.033235
1,2009/5/5,0.002901
1,2009/5/6,0.009809
1,2009/5/7,0.0019
1,2009/5/8,0.010856
1,2009/5/11,-0.017481
1,2009/5/12,0.014895
1,2009/5/13,0.017414
1,2009/5/14,-0.008964
1,2009/5/15,0.002036
1,2009/5/18,0.002841
1,2009/5/19,0.009011
1,2009/5/20,-0.00944
1,2009/5/21,-0.015385
1,2009/5/22,-0.004988
1,2009/5/25,0.004777
1,2009/5/26,-0.008213
1,2009/5/27,0.01403
1,2009/6/1,0.03672
1,2009/6/2,0.001111
1,2009/6/3,0.019927
1,2009/6/4,-0.004083
1,2009/6/5,-0.004825
1,2009/6/8,0.005245
1,2009/6/9,0.007062
1,2009/6/10,0.010173
1,2009/6/11,-0.006721
1,2009/6/12,-0.019146
1,2009/6/15,0.016688
1,2009/6/16,-0.004849
1,2009/6/17,0.012284
1,2009/6/18,0.015579
1,2009/6/19,0.009317
1,2009/6/22,0.005489
1,2009/6/23,-0.001245
1,2009/6/24,0.010233
1,2009/6/25,0.00094
1,2009/6/26,0.001082
1,2009/6/29,0.016086
1,2009/6/30,-0.005361
1,2009/7/1,0.016486
1,2009/7/2,0.017321
1,2009/7/3,0.009186
1,2009/7/6,0.011754
1,2009/7/7,-0.011271
1,2009/7/8,-0.002808
1,2009/7/9,0.013718
1,2009/7/10,-0.002915
1,2009/7/13,-0.010718
1,2009/7/14,0.020971
1,2009/7/15,0.013797
1,2009/7/16,-0.001508
1,2009/7/17,0.001884
1,2009/7/20,0.024196
1,2009/7/21,-0.016442
1,2009/7/22,0.025958
1,2009/7/23,0.009669
1,2009/7/24,0.013253
1,2009/7/27,0.018564
1,2009/7/28,0.00092
1,2009/7/29,-0.050006
1,2009/7/30,0.016877
1,2009/7/31,0.027247
1,2009/8/3,0.014809
1,2009/8/4,0.002556
1,2009/8/5,-0.01237
1,2009/8/6,-0.02105
1,2009/8/7,-0.028495
1,2009/8/10,-0.003352
1,2009/8/11,0.004605
1,2009/8/12,-0.04656
1,2009/8/13,0.008944
1,2009/8/14,-0.0298
1,2009/8/17,-0.057875
1,2009/8/18,0.014023
1,2009/8/19,-0.043045
1,2009/8/20,0.045232
1,2009/8/21,0.016894
1,2009/8/24,0.01103
1,2009/8/25,-0.025932
1,2009/8/26,0.017763
1,2009/8/27,-0.007144
1,2009/8/28,-0.029089
1,2009/8/31,-0.067446
1,2009/9/1,0.00599
1,2009/9/2,0.011644
1,2009/9/3,0.047901
1,2009/9/4,0.005829
1,2009/9/7,0.006817
1,2009/9/8,0.017132
1,2009/9/9,0.005386
1,2009/9/10,-0.007255
1,2009/9/11,0.022192
1,2009/9/14,0.012358
1,2009/9/15,0.002308
1,2009/9/16,-0.011213
1,2009/9/17,0.020185
1,2009/9/18,-0.03189
1,2009/9/21,0.001466
1,2009/9/22,-0.02341
1,2009/9/23,-0.018924
1,2009/9/24,0.003811
1,2009/9/25,-0.005156
1,2009/9/28,-0.026531
1,2009/9/29,-0.003251
1,2009/9/30,0.009035
1,2009/10/9,0.047596
1,2009/10/12,-0.005918
1,2009/10/13,0.014409
1,2009/10/14,0.011696
1,2009/10/15,0.003116
1,2009/10/16,-0.001059
1,2009/10/19,0.020708
1,2009/10/20,0.0152
1,2009/10/21,-0.004495
1,2009/10/22,-0.006245
1,2009/10/23,0.018495
1,2009/10/26,0.000553
1,2009/10/27,-0.028334
1,2009/10/28,0.003267
1,2009/10/29,-0.023377
1,2009/10/30,0.011951
1,2009/11/2,0.026971
1,2009/11/3,0.012214
1,2009/11/4,0.004595
1,2009/11/5,0.008476
1,2009/11/6,0.002847
1,2009/11/9,0.00365
1,2009/11/10,0.000953
1,2009/11/11,-0.001075
1,2009/11/12,-0.000708
1,2009/11/13,0.004634
1,2009/11/16,0.027419
1,2009/11/17,0.002394
1,2009/11/18,0.006197
1,2009/11/19,0.005261
1,2009/11/20,-0.003694
1,2009/11/23,0.009164
1,2009/11/24,-0.034486
1,2009/11/25,0.020673
1,2009/11/26,-0.036225
1,2009/11/27,-0.023562
1,2009/11/30,0.031986
1,2009/12/1,0.012538
1,2009/12/2,0.010629
1,2009/12/3,-0.001567
1,2009/12/4,0.016056
1,2009/12/7,0.004478
1,2009/12/8,-0.010574
1,2009/12/9,-0.017319
1,2009/12/10,0.004536
1,2009/12/11,-0.002134
1,2009/12/14,0.017118
1,2009/12/15,-0.008612
1,2009/12/16,-0.005878
1,2009/12/17,-0.023389
1,2009/12/18,-0.020507
1,2009/12/21,0.002918
1,2009/12/22,-0.0232
1,2009/12/23,0.007624
1,2009/12/24,0.025907
1,2009/12/25,-0.003823
1,2009/12/28,0.015099
1,2009/12/29,0.007205
1,2009/12/30,0.015829
1,2009/12/31,0.004456
1,2010/1/4,-0.010185
1,2010/1/5,0.011844
1,2010/1/6,-0.00852
1,2010/1/7,-0.01888
1,2010/1/8,0.001009
1,2010/1/11,0.005242
1,2010/1/12,0.019054
1,2010/1/13,-0.030944
1,2010/1/14,0.013519
1,2010/1/15,0.002675
1,2010/1/18,0.004015
1,2010/1/19,0.00302
1,2010/1/20,-0.029266
1,2010/1/21,0.002225
1,2010/1/22,-0.009584
1,2010/1/25,-0.010924
1,2010/1/26,-0.024243
1,2010/1/27,-0.010859
1,2010/1/28,0.002523
1,2010/1/29,-0.00162
1,2010/2/1,-0.016035
1,2010/2/2,-0.00226
1,2010/2/3,0.023553
1,2010/2/4,-0.002839
1,2010/2/5,-0.018665
1,2010/2/8,-0.001438
1,2010/2/9,0.004657
1,2010/2/10,0.011414
1,2010/2/11,0.001006
1,2010/2/12,0.010931
1,2010/2/22,-0.004882
1,2010/2/23,-0.006933
1,2010/2/24,0.013278
1,2010/2/25,0.01272
1,2010/2/26,-0.002834
1,2010/3/1,0.011763
1,2010/3/2,-0.004772
1,2010/3/3,0.007776
1,2010/3/4,-0.023775
1,2010/3/5,0.002544
1,2010/3/8,0.007313
1,2010/3/9,0.005211
1,2010/3/10,-0.006586
1,2010/3/11,0.000772
1,2010/3/12,-0.012411
1,2010/3/15,-0.012104
1,2010/3/16,0.005342
1,2010/3/17,0.019259
1,2010/3/18,-0.001439
1,2010/3/19,0.007111
1,2010/3/22,0.002225
1,2010/3/23,-0.006977
1,2010/3/24,0.001206
1,2010/3/25,-0.012311
1,2010/3/26,0.013427
1,2010/3/29,0.020944
1,2010/3/30,0.001495
1,2010/3/31,-0.006189
1,2010/4/1,0.012322
1,2010/4/2,0.003349
1,2010/4/6,0.000229
1,2010/4/7,-0.003311
1,2010/4/8,-0.009374
1,2010/4/9,0.008541
1,2010/4/12,-0.005114
1,2010/4/13,0.010222
1,2010/4/14,0.00156
1,2010/4/15,-0.000384
1,2010/4/16,-0.010952
1,2010/4/19,-0.04792
1,2010/4/20,-0.000256
1,2010/4/21,0.018038
1,2010/4/22,-0.011141
1,2010/4/23,-0.005317
1,2010/4/26,-0.004704
1,2010/4/27,-0.020736
1,2010/4/28,-0.002613
1,2010/4/29,-0.010998
1,2010/4/30,0.00076
1,2010/5/4,-0.012309
1,2010/5/5,0.007715
1,2010/5/6,-0.041107
1,2010/5/7,-0.018732
1,2010/5/10,0.003859
1,2010/5/11,-0.018965
1,2010/5/12,0.003075
1,2010/5/13,0.020632
1,2010/5/14,-0.00512
1,2010/5/17,-0.050692
1,2010/5/18,0.013614
1,2010/5/19,-0.002688
1,2010/5/20,-0.012314
1,2010/5/21,0.010791
1,2010/5/24,0.034798
1,2010/5/25,-0.018999
1,2010/5/26,0.001206
1,2010/5/27,0.011473
1,2010/5/28,-0.000057
1,2010/5/31,-0.023955
1,2010/6/1,-0.009206
1,2010/6/2,0.001223
1,2010/6/3,-0.007298
1,2010/6/4,0.000367
1,2010/6/7,-0.016394
1,2010/6/8,0.000883
1,2010/6/9,0.027814
1,2010/6/10,-0.00824
1,2010/6/11,0.002873
1,2010/6/17,-0.003773
1,2010/6/18,-0.018367
1,2010/6/21,0.029042
1,2010/6/22,0.000962
1,2010/6/23,-0.007272
1,2010/6/24,-0.001217
1,2010/6/25,-0.005426
1,2010/6/28,-0.00687
1,2010/6/29,-0.042688
1,2010/6/30,-0.011818
1,2010/7/1,-0.010248
1,2010/7/2,0.003837
1,2010/7/5,-0.007954
1,2010/7/6,0.019238
1,2010/7/7,0.004853
1,2010/7/8,-0.002465
1,2010/7/9,0.023093
1,2010/7/12,0.008011
1,2010/7/13,-0.016233
1,2010/7/14,0.008225
1,2010/7/15,-0.018675
1,2010/7/16,-0.000014
1,2010/7/19,0.021099
1,2010/7/20,0.021535
1,2010/7/21,0.002635
1,2010/7/22,0.010654
1,2010/7/23,0.003755
1,2010/7/26,0.006475
1,2010/7/27,-0.005144
1,2010/7/28,0.022636
1,2010/7/29,0.005488
1,2010/7/30,-0.004008
1,2010/8/2,0.013275
1,2010/8/3,-0.01703
1,2010/8/4,0.004385
1,2010/8/5,-0.006733
1,2010/8/6,0.01436
1,2010/8/9,0.005319
1,2010/8/10,-0.028909
1,2010/8/11,0.00471
1,2010/8/12,-0.012281
1,2010/8/13,0.012124
1,2010/8/16,0.021103
1,2010/8/17,0.003826
1,2010/8/18,-0.002093
1,2010/8/19,0.00813
1,2010/8/20,-0.016991
1,2010/8/23,-0.001113
1,2010/8/24,0.004145
1,2010/8/25,-0.020272
1,2010/8/26,0.002658
1,2010/8/27,0.002789
1,2010/8/30,0.016058
1,2010/8/31,-0.005227
1,2010/9/1,-0.006032
1,2010/9/2,0.012541
1,2010/9/3,-0.000144
1,2010/9/6,0.015386
1,2010/9/7,0.000784
1,2010/9/8,-0.001138
1,2010/9/9,-0.014447
1,2010/9/10,0.002581
1,2010/9/13,0.009429
1,2010/9/14,0.000075
1,2010/9/15,-0.013397
1,2010/9/16,-0.018864
1,2010/9/17,-0.001451
1,2010/9/20,-0.003839
1,2010/9/21,0.001096
1,2010/9/27,0.014052
1,2010/9/28,-0.006322
1,2010/9/29,-0.000259
1,2010/9/30,0.017229
1,2010/10/8,0.031286
1,2010/10/11,0.024901
1,2010/10/12,0.012278
1,2010/10/13,0.007023
1,2010/10/14,0.006387
1,2010/10/15,0.031783
1,2010/10/18,-0.005363
1,2010/10/19,0.015777
1,2010/10/20,0.000699
1,2010/10/21,-0.006797
1,2010/10/22,-0.002846
1,2010/10/25,0.025672
1,2010/10/26,-0.003237
1,2010/10/27,-0.014629
1,2010/10/28,-0.001491
1,2010/10/29,-0.004593
1,2010/11/1,0.02524
1,2010/11/2,0.022357
1,2010/11/3,-0.004743
1,2010/11/4,0.01846
1,2010/11/5,0.013786
1,2010/11/8,0.009591
1,2010/11/9,-0.007758
1,2010/11/10,-0.006266
1,2010/11/11,0.010396
1,2010/11/12,-0.051564
1,2010/11/15,0.009706
1,2010/11/16,-0.039767
1,2010/11/17,-0.019237
1,2010/11/18,0.009368
1,2010/11/19,0.008066
1,2010/11/22,-0.001452
1,2010/11/23,-0.019446
1,2010/11/24,0.011192
1,2010/11/25,0.013401
1,2010/11/26,-0.009165
1,2010/11/29,-0.00186
1,2010/11/30,-0.016109
1,2010/12/1,0.001159
1,2010/12/2,0.007139
1,2010/12/3,-0.000414
1,2010/12/6,0.005188
1,2010/12/7,0.006539
1,2010/12/8,-0.009498
1,2010/12/9,-0.013199
1,2010/12/10,0.010705
1,2010/12/13,0.028832
1,2010/12/14,0.001411
1,2010/12/15,-0.005351
1,2010/12/16,-0.00456
1,2010/12/17,-0.001518
1,2010/12/20,-0.014108
1,2010/12/21,0.017946
1,2010/12/22,-0.009027
1,2010/12/23,-0.007881
1,2010/12/24,-0.007027
1,2010/12/27,-0.01896
1,2010/12/28,-0.017406
1,2010/12/29,0.006783
1,2010/12/30,0.002925
1,2010/12/31,0.017576
1,2011/1/4,0.015872
1,2011/1/5,-0.004927
1,2011/1/6,-0.005072
1,2011/1/7,0.005171
1,2011/1/10,-0.016553
1,2011/1/11,0.004384
1,2011/1/12,0.006155
1,2011/1/13,0.002271
1,2011/1/14,-0.012862
1,2011/1/17,-0.030338
1,2011/1/18,0.000857
1,2011/1/19,0.018132
1,2011/1/20,-0.029167
1,2011/1/21,0.014058
1,2011/1/24,-0.007209
1,2011/1/25,-0.006784
1,2011/1/26,0.011721
1,2011/1/27,0.014891
1,2011/1/28,0.001309
1,2011/1/31,0.013784
1,2011/2/1,0.002962
1,2011/2/9,-0.008894
1,2011/2/10,0.015897
1,2011/2/11,0.003252
1,2011/2/14,0.025397
1,2011/2/15,0.000036
1,2011/2/16,0.008505
1,2011/2/17,0.001049
1,2011/2/18,-0.009283
1,2011/2/21,0.011192
1,2011/2/22,-0.026168
1,2011/2/23,0.002493
1,2011/2/24,0.005578
1,2011/2/25,-0.000013
1,2011/2/28,0.009202
1,2011/3/1,0.004773
1,2011/3/2,-0.001751
1,2011/3/3,-0.003717
1,2011/3/4,0.013547
1,2011/3/7,0.018321
1,2011/3/8,0.001245
1,2011/3/9,0.000737
1,2011/3/10,-0.014993
1,2011/3/11,-0.007895
1,2011/3/14,0.001306
1,2011/3/15,-0.014083
1,2011/3/16,0.011929
1,2011/3/17,-0.011432
1,2011/3/18,0.003309
1,2011/3/21,0.000774
1,2011/3/22,0.003439
1,2011/3/23,0.010049
1,2011/3/24,-0.000601
1,2011/3/25,0.010557
1,2011/3/28,0.002079
1,2011/3/29,-0.008689
1,2011/3/30,-0.00078
1,2011/3/31,-0.009358
1,2011/4/1,0.013421
1,2011/4/6,0.011441
1,2011/4/7,0.002182
1,2011/4/8,0.007351
1,2011/4/11,-0.002401
1,2011/4/12,-0.000456
1,2011/4/13,0.009608
1,2011/4/14,-0.002545
1,2011/4/15,0.002593
1,2011/4/18,0.00223
1,2011/4/19,-0.019065
1,2011/4/20,0.002666
1,2011/4/21,0.006528
1,2011/4/22,-0.005336
1,2011/4/25,-0.015136
1,2011/4/26,-0.008759
1,2011/4/27,-0.004618
1,2011/4/28,-0.013114
1,2011/4/29,0.008475
1,2011/5/3,0.007102
1,2011/5/4,-0.022567
1,2011/5/5,0.002229
1,2011/5/6,-0.002965
1,2011/5/9,0.002994
1,2011/5/10,0.006327
1,2011/5/11,-0.002496
1,2011/5/12,-0.013642
1,2011/5/13,0.009475
1,2011/5/16,-0.00765
1,2011/5/17,0.001301
1,2011/5/18,0.00701
1,2011/5/19,-0.004594
1,2011/5/20,-0.00039
1,2011/5/23,-0.029348
1,2011/5/24,-0.002708
1,2011/5/25,-0.009149
1,2011/5/26,-0.001902
1,2011/5/27,-0.009713
1,2011/5/30,-0.001323
1,2011/5/31,0.013713
1,2011/6/1,0.000036
1,2011/6/2,-0.013993
1,2011/6/3,0.008443
1,2011/6/7,0.005968
1,2011/6/8,0.002182
1,2011/6/9,-0.017068
1,2011/6/10,0.000665
1,2011/6/13,-0.001761
1,2011/6/14,0.010984
1,2011/6/15,-0.009014
1,2011/6/16,-0.015209
1,2011/6/17,-0.008057
1,2011/6/20,-0.00816
1,2011/6/21,0.009625
1,2011/6/22,0.001072
1,2011/6/23,0.014694
1,2011/6/24,0.021561
1,2011/6/27,0.004377
1,2011/6/28,0.000352
1,2011/6/29,-0.011133
1,2011/6/30,0.012312
1,2011/7/1,-0.000983
1,2011/7/4,0.019373
1,2011/7/5,0.001257
1,2011/7/6,-0.002086
1,2011/7/7,-0.005768
1,2011/7/8,0.001255
1,2011/7/11,0.001758
1,2011/7/12,-0.017166
1,2011/7/13,0.014846
1,2011/7/14,0.005354
1,2011/7/15,0.00346
1,2011/7/18,-0.001234
1,2011/7/19,-0.006996
1,2011/7/20,-0.000993
1,2011/7/21,-0.010132
1,2011/7/22,0.00177
1,2011/7/25,-0.02961
1,2011/7/26,0.005311
1,2011/7/27,0.007572
1,2011/7/28,-0.005403
1,2011/7/29,-0.002602
1,2011/8/1,0.00076
1,2011/8/2,-0.00907
1,2011/8/3,-0.000289
1,2011/8/4,0.002074
1,2011/8/5,-0.021466
1,2011/8/8,-0.037925
1,2011/8/9,-0.000295
1,2011/8/10,0.009147
1,2011/8/11,0.012683
1,2011/8/12,0.004519
1,2011/8/15,0.012956
1,2011/8/16,-0.007082
1,2011/8/17,-0.002647
1,2011/8/18,-0.016065
1,2011/8/19,-0.009812
1,2011/8/22,-0.007298
1,2011/8/23,0.015166
1,2011/8/24,-0.005062
1,2011/8/25,0.029188
1,2011/8/26,-0.001175
1,2011/8/29,-0.013695
1,2011/8/30,-0.003811
1,2011/8/31,0.00029
1,2011/9/1,-0.004401
1,2011/9/2,-0.010861
1,2011/9/5,-0.019595
1,2011/9/6,-0.003314
1,2011/9/7,0.018444
1,2011/9/8,-0.006815
1,2011/9/9,-0.000476
1,2011/9/13,-0.010589
1,2011/9/14,0.005472
1,2011/9/15,-0.002323
1,2011/9/16,0.001326
1,2011/9/19,-0.017946
1,2011/9/20,0.004086
1,2011/9/21,0.02664
1,2011/9/22,-0.027818
1,2011/9/23,-0.004051
1,2011/9/26,-0.01643
1,2011/9/27,0.009139
1,2011/9/28,-0.00952
1,2011/9/29,-0.01117
1,2011/9/30,-0.002589
1,2011/10/10,-0.006118
1,2011/10/11,0.00159
1,2011/10/12,0.030438
1,2011/10/13,0.007764
1,2011/10/14,-0.00304
1,2011/10/17,0.003713
1,2011/10/18,-0.023323
1,2011/10/19,-0.002506
1,2011/10/20,-0.019409
1,2011/10/21,-0.006044
1,2011/10/24,0.022897
1,2011/10/25,0.016596
1,2011/10/26,0.00739
1,2011/10/27,0.003351
1,2011/10/28,0.015518
1,2011/10/31,-0.002086
1,2011/11/1,0.000717
1,2011/11/2,0.013801
1,2011/11/3,0.00159
1,2011/11/4,0.008056
1,2011/11/7,-0.007315
1,2011/11/8,-0.002376
1,2011/11/9,0.00842
1,2011/11/10,-0.017974
1,2011/11/11,0.000624
1,2011/11/14,0.019197
1,2011/11/15,0.000414
1,2011/11/16,-0.024825
1,2011/11/17,-0.001586
1,2011/11/18,-0.018873
1,2011/11/21,-0.000593
1,2011/11/22,-0.001037
1,2011/11/23,-0.007278
1,2011/11/24,0.001039
1,2011/11/25,-0.007228
1,2011/11/28,0.001181
1,2011/11/29,0.01232
1,2011/11/30,-0.032739
1,2011/12/1,0.022905
1,2011/12/2,-0.010975
1,2011/12/5,-0.011622
1,2011/12/6,-0.003139
1,2011/12/7,0.002934
1,2011/12/8,-0.001247
1,2011/12/9,-0.006245
1,2011/12/12,-0.010247
1,2011/12/13,-0.018745
1,2011/12/14,-0.008923
1,2011/12/15,-0.021373
1,2011/12/16,0.02015
1,2011/12/19,-0.002969
1,2011/12/20,-0.001039
1,2011/12/21,-0.011184
1,2011/12/22,-0.002214
1,2011/12/23,0.008456
1,2011/12/26,-0.006656
1,2011/12/27,-0.010915
1,2011/12/28,0.001758
1,2011/12/29,0.001635
1,2011/12/30,0.011896
1,2012/1/4,-0.013652
1,2012/1/5,-0.009652
1,2012/1/6,0.006955
1,2012/1/9,0.028887
1,2012/1/10,0.02689
1,2012/1/11,-0.004243
1,2012/1/12,-0.000455
1,2012/1/13,-0.013376
1,2012/1/16,-0.017102
1,2012/1/17,0.041784
1,2012/1/18,-0.013919
1,2012/1/19,0.013101
1,2012/1/20,0.010036
1,2012/1/30,-0.014695
1,2012/1/31,0.003314
1,2012/2/1,-0.0107
1,2012/2/2,0.01961
1,2012/2/3,0.007718
1,2012/2/6,0.000314
1,2012/2/7,-0.01683
1,2012/2/8,0.024272
1,2012/2/9,0.000877
1,2012/2/10,0.001018
1,2012/2/13,-0.000054
1,2012/2/14,-0.003012
1,2012/2/15,0.009353
1,2012/2/16,-0.004159
1,2012/2/17,0.000136
1,2012/2/20,0.002722
1,2012/2/21,0.007545
1,2012/2/22,0.009304
1,2012/2/23,0.002483
1,2012/2/24,0.012481
1,2012/2/27,0.003045
1,2012/2/28,0.001962
1,2012/2/29,-0.009532
1,2012/3/1,-0.000977
1,2012/3/2,0.014252
1,2012/3/5,-0.006377
1,2012/3/6,-0.014134
1,2012/3/7,-0.006493
1,2012/3/8,0.010641
1,2012/3/9,0.007927
1,2012/3/12,-0.001887
1,2012/3/13,0.008598
1,2012/3/14,-0.026291
1,2012/3/15,-0.0073
1,2012/3/16,0.013043
1,2012/3/19,0.002266
1,2012/3/20,-0.013835
1,2012/3/21,0.000571
1,2012/3/22,-0.001019
1,2012/3/23,-0.011042
1,2012/3/26,0.000451
1,2012/3/27,-0.001455
1,2012/3/28,-0.026542
1,2012/3/29,-0.014321
1,2012/3/30,0.004719
1,2012/4/5,0.017436
1,2012/4/6,0.001873
1,2012/4/9,-0.009007
1,2012/4/10,0.008787
1,2012/4/11,0.001328
1,2012/4/12,0.018164
1,2012/4/13,0.003529
1,2012/4/16,-0.000905
1,2012/4/17,-0.009351
1,2012/4/18,0.019642
1,2012/4/19,-0.00093
1,2012/4/20,0.011868
1,2012/4/23,-0.007593
1,2012/4/24,0.000103
1,2012/4/25,0.007526
1,2012/4/26,-0.000879
1,2012/4/27,-0.003485
1,2012/5/2,0.017577
1,2012/5/3,0.000674
1,2012/5/4,0.004891
1,2012/5/7,-0.000027
1,2012/5/8,-0.001249
1,2012/5/9,-0.016455
1,2012/5/10,0.000682
1,2012/5/11,-0.006326
1,2012/5/14,-0.005953
1,2012/5/15,-0.002471
1,2012/5/16,-0.012064
1,2012/5/17,0.013935
1,2012/5/18,-0.014446
1,2012/5/21,0.001612
1,2012/5/22,0.010649
1,2012/5/23,-0.004159
1,2012/5/24,-0.005274
1,2012/5/25,-0.00741
1,2012/5/28,0.011919
1,2012/5/29,0.011971
1,2012/5/30,-0.002079
1,2012/5/31,-0.005214
1,2012/6/1,0.000507
1,2012/6/4,-0.027338
1,2012/6/5,0.001458
1,2012/6/6,-0.001021
1,2012/6/7,-0.007112
1,2012/6/8,-0.005095
1,2012/6/11,0.010699
1,2012/6/12,-0.006967
1,2012/6/13,0.012723
1,2012/6/14,-0.009909
1,2012/6/15,0.004749
1,2012/6/18,0.003989
1,2012/6/19,-0.006588
1,2012/6/20,-0.003441
1,2012/6/21,-0.013956
1,2012/6/25,-0.016261
1,2012/6/26,-0.00092
1,2012/6/27,-0.00231
1,2012/6/28,-0.009514
1,2012/6/29,0.013475
1,2012/7/2,0.000305
1,2012/7/3,0.001385
1,2012/7/4,-0.000842
1,2012/7/5,-0.011656
1,2012/7/6,0.010097
1,2012/7/9,-0.02373
1,2012/7/10,-0.002938
1,2012/7/11,0.005057
1,2012/7/12,0.004647
1,2012/7/13,0.000185
1,2012/7/16,-0.017357
1,2012/7/17,0.00616
1,2012/7/18,0.003661
1,2012/7/19,0.007257
1,2012/7/20,-0.007416
1,2012/7/23,-0.012559
1,2012/7/24,0.002422
1,2012/7/25,-0.004863
1,2012/7/26,-0.00475
1,2012/7/27,0.001299
1,2012/7/30,-0.008855
1,2012/7/31,-0.002976
1,2012/8/1,0.009377
1,2012/8/2,-0.005735
1,2012/8/3,0.010238
1,2012/8/6,0.010371
1,2012/8/7,0.001255
1,2012/8/8,0.001562
1,2012/8/9,0.006068
1,2012/8/10,-0.002432
1,2012/8/13,-0.015094
1,2012/8/14,0.003018
1,2012/8/15,-0.011006
1,2012/8/16,-0.003185
1,2012/8/17,0.001275
1,2012/8/20,-0.003751
1,2012/8/21,0.005368
1,2012/8/22,-0.004984
1,2012/8/23,0.002544
1,2012/8/24,-0.009923
1,2012/8/27,-0.017397
1,2012/8/28,0.008487
1,2012/8/29,-0.009608
1,2012/8/30,-0.000317
1,2012/8/31,-0.002467
1,2012/9/3,0.005678
1,2012/9/4,-0.007526
1,2012/9/5,-0.00292
1,2012/9/6,0.006987
1,2012/9/7,0.036962
1,2012/9/10,0.003351
1,2012/9/11,-0.006716
1,2012/9/12,0.002829
1,2012/9/13,-0.007606
1,2012/9/14,0.006382
1,2012/9/17,-0.021351
1,2012/9/18,-0.009121
1,2012/9/19,0.004024
1,2012/9/20,-0.020792
1,2012/9/21,0.000915
1,2012/9/24,0.003208
1,2012/9/25,-0.001918
1,2012/9/26,-0.012379
1,2012/9/27,0.026021
1,2012/9/28,0.014514
1,2012/10/8,-0.005632
1,2012/10/9,0.019673
1,2012/10/10,0.002228
1,2012/10/11,-0.008054
1,2012/10/12,0.000982
1,2012/10/15,-0.002959
1,2012/10/16,0.00005
1,2012/10/17,0.003245
1,2012/10/18,0.012381
1,2012/10/19,-0.001588
1,2012/10/22,0.002094
1,2012/10/23,-0.008586
1,2012/10/24,0.00073
1,2012/10/25,-0.00681
1,2012/10/26,-0.016831
1,2012/10/29,-0.003517
1,2012/10/30,0.001653
1,2012/10/31,0.003168
1,2012/11/1,0.017182
1,2012/11/2,0.005996
1,2012/11/5,-0.001426
1,2012/11/6,-0.003797
1,2012/11/7,-0.000128
1,2012/11/8,-0.016251
1,2012/11/9,-0.001179
1,2012/11/12,0.004933
1,2012/11/13,-0.015094
1,2012/11/14,0.003677
1,2012/11/15,-0.012226
1,2012/11/16,-0.007666
1,2012/11/19,0.00112
1,2012/11/20,-0.003996
1,2012/11/21,0.01065
1,2012/11/22,-0.007244
1,2012/11/23,0.005841
1,2012/11/26,-0.004893
1,2012/11/27,-0.013036
1,2012/11/28,-0.00886
1,2012/11/29,-0.005085
1,2012/11/30,0.008469
1,2012/12/3,-0.010277
1,2012/12/4,0.007846
1,2012/12/5,0.028739
1,2012/12/6,-0.001314
1,2012/12/7,0.01604
1,2012/12/10,0.010663
1,2012/12/11,-0.004351
1,2012/12/12,0.003867
1,2012/12/13,-0.010203
1,2012/12/14,0.043245
1,2012/12/17,0.004518
1,2012/12/18,0.000982
1,2012/12/19,-0.000104
1,2012/12/20,0.002828
1,2012/12/21,-0.006938
1,2012/12/24,0.002667
1,2012/12/25,0.025269
1,2012/12/26,0.002494
1,2012/12/27,-0.005964
1,2012/12/28,0.012401
1,2012/12/31,0.016064
1,2013/1/4,0.003466
1,2013/1/7,0.003677
1,2013/1/8,-0.004067
1,2013/1/9,-0.000321
1,2013/1/10,0.003656
1,2013/1/11,-0.017805
1,2013/1/14,0.030648
1,2013/1/15,0.006031
1,2013/1/16,-0.006958
1,2013/1/17,-0.010647
1,2013/1/18,0.014075
1,2013/1/21,0.004813
1,2013/1/22,-0.005619
1,2013/1/23,0.002493
1,2013/1/24,-0.00789
1,2013/1/25,-0.004905
1,2013/1/28,0.024092
1,2013/1/29,0.005315
1,2013/1/30,0.009961
1,2013/1/31,0.001237
1,2013/2/1,0.014085
1,2013/2/4,0.003776
1,2013/2/5,0.002049
1,2013/2/6,0.000554
1,2013/2/7,-0.00655
1,2013/2/8,0.005736
1,2013/2/18,-0.004458
1,2013/2/19,-0.015958
1,2013/2/20,0.005986
1,2013/2/21,-0.029713
1,2013/2/22,-0.005068
1,2013/2/25,0.005036
1,2013/2/26,-0.013964
1,2013/2/27,0.008668
1,2013/2/28,0.022641
1,2013/3/1,-0.002573
1,2013/3/4,-0.036492
1,2013/3/5,0.02327
1,2013/3/6,0.008973
1,2013/3/7,-0.00975
1,2013/3/8,-0.002445
1,2013/3/11,-0.003458
1,2013/3/12,-0.010382
1,2013/3/13,-0.0099
1,2013/3/14,0.002787
1,2013/3/15,0.003578
1,2013/3/18,-0.016847
1,2013/3/19,0.007776
1,2013/3/20,0.026552
1,2013/3/21,0.002964
1,2013/3/22,0.001736
1,2013/3/25,-0.000671
1,2013/3/26,-0.012484
1,2013/3/27,0.001562
1,2013/3/28,-0.028227
1,2013/3/29,0.000143
1,2013/4/1,-0.000995
1,2013/4/2,-0.002978
1,2013/4/3,-0.001098
1,2013/4/8,-0.006158
1,2013/4/9,0.006413
1,2013/4/10,0.000158
1,2013/4/11,-0.002953
1,2013/4/12,-0.005755
1,2013/4/15,-0.011255
1,2013/4/16,0.005914
1,2013/4/17,-0.000478
1,2013/4/18,0.001735
1,2013/4/19,0.021406
1,2013/4/22,-0.001102
1,2013/4/23,-0.025703
1,2013/4/24,0.015463
1,2013/4/25,-0.00857
1,2013/4/26,-0.009728
1,2013/5/2,-0.00174
1,2013/5/3,0.014431
1,2013/5/6,0.011639
1,2013/5/7,0.001976
1,2013/5/8,0.004797
1,2013/5/9,-0.005934
1,2013/5/10,0.006207
1,2013/5/13,-0.002186
1,2013/5/14,-0.011111
1,2013/5/15,0.003512
1,2013/5/16,0.01214
1,2013/5/17,0.013795
1,2013/5/20,0.007498
1,2013/5/21,0.00223
1,2013/5/22,-0.001176
1,2013/5/23,-0.011612
1,2013/5/24,0.005654
1,2013/5/27,0.001986
1,2013/5/28,0.012316
1,2013/5/29,0.001163
1,2013/5/30,-0.002697
1,2013/5/31,-0.007401
1,2013/6/3,-0.000584
1,2013/6/4,-0.011672
1,2013/6/5,-0.000653
1,2013/6/6,-0.012691
1,2013/6/7,-0.013921
1,2013/6/13,-0.028289
1,2013/6/14,0.00637
1,2013/6/17,-0.002695
1,2013/6/18,0.001427
1,2013/6/19,-0.007334
1,2013/6/20,-0.027728
1,2013/6/21,-0.005243
1,2013/6/24,-0.052993
1,2013/6/25,-0.001898
1,2013/6/26,-0.004089
1,2013/6/27,-0.000759
1,2013/6/28,0.014971
1,2013/7/1,0.008102
1,2013/7/2,0.005672
1,2013/7/3,-0.006126
1,2013/7/4,0.005932
1,2013/7/5,0.000549
1,2013/7/8,-0.024375
1,2013/7/9,0.003667
1,2013/7/10,0.021711
1,2013/7/11,0.032301
1,2013/7/12,-0.016163
1,2013/7/15,0.009759
1,2013/7/16,0.003074
1,2013/7/17,-0.010068
1,2013/7/18,-0.010527
1,2013/7/19,-0.015196
1,2013/7/22,0.006079
1,2013/7/23,0.019511
1,2013/7/24,-0.00516
1,2013/7/25,-0.005978
1,2013/7/26,-0.005108
1,2013/7/29,-0.017179
1,2013/7/30,0.006961
1,2013/7/31,0.001877
1,2013/8/1,0.017689
1,2013/8/2,0.000173
1,2013/8/5,0.010379
1,2013/8/6,0.004886
1,2013/8/7,-0.00666
1,2013/8/8,-0.00092
1,2013/8/9,0.003589
1,2013/8/12,0.0239
1,2013/8/13,0.002319
1,2013/8/14,-0.002858
1,2013/8/15,-0.008693
1,2013/8/16,-0.00645
1,2013/8/19,0.008291
1,2013/8/20,-0.006237
1,2013/8/21,0.000177
1,2013/8/22,-0.002816
1,2013/8/23,-0.004676
1,2013/8/26,0.018963
1,2013/8/27,0.003383
1,2013/8/28,-0.001077
1,2013/8/29,-0.001939
1,2013/8/30,0.000551
1,2013/9/2,0.000031
1,2013/9/3,0.011753
1,2013/9/4,0.002122
1,2013/9/5,-0.002438
1,2013/9/6,0.008275
1,2013/9/9,0.033889
1,2013/9/10,0.011511
1,2013/9/11,0.001467
1,2013/9/12,0.006397
1,2013/9/13,-0.008595
1,2013/9/16,-0.002154
1,2013/9/17,-0.020544
1,2013/9/18,0.002878
1,2013/9/23,0.013319
1,2013/9/24,-0.006084
1,2013/9/25,-0.004084
1,2013/9/26,-0.019425
1,2013/9/27,0.001957
1,2013/9/30,0.006777
1,2013/10/8,0.010822
1,2013/10/9,0.006173
1,2013/10/10,-0.009422
1,2013/10/11,0.016987
1,2013/10/14,0.004321
1,2013/10/15,-0.001949
1,2013/10/16,-0.018061
1,2013/10/17,-0.002067
1,2013/10/18,0.002393
1,2013/10/21,0.016163
1,2013/10/22,-0.008337
1,2013/10/23,-0.01246
1,2013/10/24,-0.008605
1,2013/10/25,-0.014493
1,2013/10/28,0.000429
1,2013/10/29,-0.002346
1,2013/10/30,0.014843
1,2013/10/31,-0.008725
1,2013/11/1,0.003711
1,2013/11/4,0.000033
1,2013/11/5,0.003538
1,2013/11/6,-0.008174
1,2013/11/7,-0.004771
1,2013/11/8,-0.010929
1,2013/11/11,0.001588
1,2013/11/12,0.008202
1,2013/11/13,-0.018258
1,2013/11/14,0.006018
1,2013/11/15,0.016815
1,2013/11/18,0.028744
1,2013/11/19,-0.001863
1,2013/11/20,0.00615
1,2013/11/21,-0.000384
1,2013/11/22,-0.004256
1,2013/11/25,-0.004673
1,2013/11/26,-0.001392
1,2013/11/27,0.008244
1,2013/11/28,0.008315
1,2013/11/29,0.00051
1,2013/12/2,-0.005914
1,2013/12/3,0.006931
1,2013/12/4,0.013089
1,2013/12/5,-0.002087
1,2013/12/6,-0.00443
1,2013/12/9,0.000488
1,2013/12/10,-0.000316
1,2013/12/11,-0.014894
1,2013/12/12,-0.000622
1,2013/12/13,-0.003051
1,2013/12/16,-0.016035
1,2013/12/17,-0.004527
1,2013/12/18,-0.001299
1,2013/12/19,-0.009539
1,2013/12/20,-0.020208
1,2013/12/23,0.002357
1,2013/12/24,0.00153
1,2013/12/25,0.006426
1,2013/12/26,-0.015788
1,2013/12/27,0.01358
1,2013/12/30,-0.001771
1,2013/12/31,0.008796
1,2014/1/2,-0.003115
1,2014/1/3,-0.012445
1,2014/1/6,-0.017967
1,2014/1/7,0.000786
1,2014/1/8,-0.001454
1,2014/1/9,-0.008178
1,2014/1/10,-0.007064
1,2014/1/13,-0.001855
1,2014/1/14,0.008598
1,2014/1/15,-0.001724
1,2014/1/16,0.000174
1,2014/1/17,-0.009266
1,2014/1/20,-0.006831
1,2014/1/21,0.008567
1,2014/1/22,0.021628
1,2014/1/23,-0.004664
1,2014/1/24,0.00598
1,2014/1/27,-0.010267
1,2014/1/28,0.002564
1,2014/1/29,0.005593
1,2014/1/30,-0.008211
1,2014/2/7,0.005614
1,2014/2/10,0.020333
1,2014/2/11,0.008439
1,2014/2/12,0.002987
1,2014/2/13,-0.005476
1,2014/2/14,0.008314
1,2014/2/17,0.009248
1,2014/2/18,-0.007656
1,2014/2/19,0.011084
1,2014/2/20,-0.001761
1,2014/2/21,-0.011731
1,2014/2/24,-0.017508
1,2014/2/25,-0.020449
1,2014/2/26,0.003458
1,2014/2/27,0.002988
1,2014/2/28,0.004371
1,2014/3/3,0.009207
1,2014/3/4,-0.001813
1,2014/3/5,-0.008877
1,2014/3/6,0.003163
1,2014/3/7,-0.000811
1,2014/3/10,-0.028594
1,2014/3/11,0.001046
1,2014/3/12,-0.001731
1,2014/3/13,0.010722
1,2014/3/14,-0.007316
1,2014/3/17,0.009646
1,2014/3/18,0.000753
1,2014/3/19,-0.001709
1,2014/3/20,-0.013976
1,2014/3/21,0.027159
1,2014/3/24,0.009113
1,2014/3/25,0.000499
1,2014/3/26,-0.001761
1,2014/3/27,-0.008277
1,2014/3/28,-0.002383
1,2014/3/31,-0.004117
1,2014/4/1,0.006961
1,2014/4/2,0.00563
1,2014/4/3,-0.007424
1,2014/4/4,0.007403
1,2014/4/8,0.019163
1,2014/4/9,0.003314
1,2014/4/10,0.013805
1,2014/4/11,-0.001761
1,2014/4/14,0.000468
1,2014/4/15,-0.014045
1,2014/4/16,0.001675
1,2014/4/17,-0.002963
1,2014/4/18,-0.000542
1,2014/4/21,-0.015217
1,2014/4/22,0.003391
1,2014/4/23,-0.002629
1,2014/4/24,-0.005006
1,2014/4/25,-0.009973
1,2014/4/28,-0.01622
1,2014/4/29,0.008412
1,2014/4/30,0.002978
1,2014/5/5,0.000491
1,2014/5/6,0.000338
1,2014/5/7,-0.008853
1,2014/5/8,0.002582
1,2014/5/9,-0.002054
1,2014/5/12,0.020752
1,2014/5/13,-0.001044
1,2014/5/14,-0.001374
1,2014/5/15,-0.0112
1,2014/5/16,0.000756
1,2014/5/19,-0.010521
1,2014/5/20,0.001464
1,2014/5/21,0.008382
1,2014/5/22,-0.00181
1,2014/5/23,0.006572
1,2014/5/26,0.003395
1,2014/5/27,-0.003385
1,2014/5/28,0.007698
1,2014/5/29,-0.004699
1,2014/5/30,-0.000678
1,2014/6/3,-0.000445
1,2014/6/4,-0.006609
1,2014/6/5,0.007924
1,2014/6/6,-0.005352
1,2014/6/9,0.000269
1,2014/6/10,0.01085
1,2014/6/11,0.001177
1,2014/6/12,-0.001574
1,2014/6/13,0.009262
1,2014/6/16,0.007373
1,2014/6/17,-0.009245
1,2014/6/18,-0.005409
1,2014/6/19,-0.015463
1,2014/6/20,0.001452
1,2014/6/23,-0.001139
1,2014/6/24,0.004725
1,2014/6/25,-0.004144
1,2014/6/26,0.006505
1,2014/6/27,-0.001063
1,2014/6/30,0.005803
1,2014/7/1,0.001003
1,2014/7/2,0.004407
1,2014/7/3,0.001851
1,2014/7/4,-0.001868
1,2014/7/7,0.000268
1,2014/7/8,0.001987
1,2014/7/9,-0.01231
1,2014/7/10,-0.000132
1,2014/7/11,0.004228
1,2014/7/14,0.009617
1,2014/7/15,0.001796
1,2014/7/16,-0.001488
1,2014/7/17,-0.005652
1,2014/7/18,0.001691
1,2014/7/21,-0.002228
1,2014/7/22,0.010223
1,2014/7/23,0.001449
1,2014/7/24,0.012785
1,2014/7/25,0.010238
1,2014/7/28,0.024139
1,2014/7/29,0.002408
1,2014/7/30,-0.000893
1,2014/7/31,0.009315
1,2014/8/1,-0.007385
1,2014/8/4,0.017402
1,2014/8/5,-0.001523
1,2014/8/6,-0.001117
1,2014/8/7,-0.013437
1,2014/8/8,0.003088
1,2014/8/11,0.013775
1,2014/8/12,-0.001375
1,2014/8/13,0.000577
1,2014/8/14,-0.007383
1,2014/8/15,0.009186
1,2014/8/18,0.005718
1,2014/8/19,0.002618
1,2014/8/20,-0.00228
1,2014/8/21,-0.004354
1,2014/8/22,0.004642
1,2014/8/25,-0.005149
1,2014/8/26,-0.009944
1,2014/8/27,0.001069
1,2014/8/28,-0.006177
1,2014/8/29,0.009738
1,2014/9/1,0.008259
1,2014/9/2,0.013659
1,2014/9/3,0.009965
1,2014/9/4,0.007968
1,2014/9/5,0.008483
1,2014/9/9,0.000041
1,2014/9/10,-0.003534
1,2014/9/11,-0.002858
1,2014/9/12,0.008769
1,2014/9/15,0.003083
1,2014/9/16,-0.018205
1,2014/9/17,0.004937
1,2014/9/18,0.003482
1,2014/9/19,0.005839
1,2014/9/22,-0.016993
1,2014/9/23,0.00867
1,2014/9/24,0.014658
1,2014/9/25,0.000652
1,2014/9/26,0.001115
1,2014/9/29,0.004256
1,2014/9/30,0.002612
1,2014/10/8,0.008006
1,2014/10/9,0.00276
1,2014/10/10,-0.006207
1,2014/10/13,-0.003593
1,2014/10/14,-0.002762
1,2014/10/15,0.006016
1,2014/10/16,-0.007234
1,2014/10/17,-0.006499
1,2014/10/20,0.006639
1,2014/10/21,-0.007244
1,2014/10/22,-0.005601
1,2014/10/23,-0.010374
1,2014/10/24,-0.00006
1,2014/10/27,-0.005144
1,2014/10/28,0.02071
1,2014/10/29,0.015039
1,2014/10/30,0.007605
1,2014/10/31,0.012171
1,2014/11/3,0.004072
1,2014/11/4,0.000265
1,2014/11/5,-0.0047
1,2014/11/6,0.002732
1,2014/11/7,-0.003171
1,2014/11/10,0.022952
1,2014/11/11,-0.001617
1,2014/11/12,0.010043
1,2014/11/13,-0.003556
1,2014/11/14,-0.002729
1,2014/11/17,-0.001942
1,2014/11/18,-0.007131
1,2014/11/19,-0.00219
1,2014/11/20,0.000683
1,2014/11/21,0.013916
1,2014/11/24,0.018533
1,2014/11/25,0.013707
1,2014/11/26,0.014312
1,2014/11/27,0.010037
1,2014/11/28,0.019901
1,2014/12/1,-0.000999
1,2014/12/2,0.031114
1,2014/12/3,0.005782
1,2014/12/4,0.043148
1,2014/12/5,0.013172
1,2014/12/8,0.028121
1,2014/12/9,-0.054296
1,2014/12/10,0.029317
1,2014/12/11,-0.004851
1,2014/12/12,0.004248
1,2014/12/15,0.00519
1,2014/12/16,0.023057
1,2014/12/17,0.013074
1,2014/12/18,-0.001143
1,2014/12/19,0.016705
1,2014/12/22,0.006064
1,2014/12/23,-0.030323
1,2014/12/24,-0.019811
1,2014/12/25,0.033643
1,2014/12/26,0.027686
1,2014/12/29,0.003298
1,2014/12/30,-0.000695
1,2014/12/31,0.021752
1,2015/1/5,0.035813
1,2015/1/6,0.000277
1,2015/1/7,0.006716
1,2015/1/8,-0.023859
1,2015/1/9,-0.002442
1,2015/1/12,-0.017074
1,2015/1/13,0.001853
1,2015/1/14,-0.003976
1,2015/1/15,0.035383
1,2015/1/16,0.012001
1,2015/1/19,-0.077046
1,2015/1/20,0.018195
1,2015/1/21,0.047449
1,2015/1/22,0.005937
1,2015/1/23,0.002518
1,2015/1/26,0.009374
1,2015/1/27,-0.008933
1,2015/1/28,-0.014084
1,2015/1/29,-0.013139
1,2015/1/30,-0.015922
1,2015/2/2,-0.025562
1,2015/2/3,0.024488
1,2015/2/4,-0.009604
1,2015/2/5,-0.011844
1,2015/2/6,-0.019328
1,2015/2/9,0.006248
1,2015/2/10,0.015014
1,2015/2/11,0.005128
1,2015/2/12,0.004976
1,2015/2/13,0.009583
1,2015/2/16,0.005786
1,2015/2/17,0.007616
1,2015/2/25,-0.005563
1,2015/2/26,0.02153
1,2015/2/27,0.003621
1,2015/3/2,0.007849
1,2015/3/3,-0.02195
1,2015/3/4,0.005051
1,2015/3/5,-0.00947
1,2015/3/6,-0.002244
1,2015/3/9,0.018888
1,2015/3/10,-0.004948
1,2015/3/11,0.00147
1,2015/3/12,0.017753
1,2015/3/13,0.007043
1,2015/3/16,0.022649
1,2015/3/17,0.015523
1,2015/3/18,0.021255
1,2015/3/19,0.001389
1,2015/3/20,0.009783
1,2015/3/23,0.019465
1,2015/3/24,0.000998
1,2015/3/25,-0.008312
1,2015/3/26,0.005837
1,2015/3/27,0.002445
1,2015/3/30,0.025865
1,2015/3/31,-0.010212
1,2015/4/1,0.016648
1,2015/4/2,0.004065
1,2015/4/3,0.009971
1,2015/4/7,0.02522
1,2015/4/8,0.00844
1,2015/4/9,-0.009331
1,2015/4/10,0.0194
1,2015/4/13,0.021665
1,2015/4/14,0.00336
1,2015/4/15,-0.012429
1,2015/4/16,0.027095
1,2015/4/17,0.022045
1,2015/4/20,-0.016378
1,2015/4/21,0.018151
1,2015/4/22,0.024425
1,2015/4/23,0.003641
1,2015/4/24,-0.004717
1,2015/4/27,0.030432
1,2015/4/28,-0.011305
1,2015/4/29,0.00009
1,2015/4/30,-0.007811
1,2015/5/4,0.008738
1,2015/5/5,-0.040567
1,2015/5/6,-0.016154
1,2015/5/7,-0.027677
1,2015/5/8,0.022787
1,2015/5/11,0.030354
1,2015/5/12,0.015607
1,2015/5/13,-0.005785
1,2015/5/14,0.000583
1,2015/5/15,-0.015901
1,2015/5/18,-0.005849
1,2015/5/19,0.031297
1,2015/5/20,0.006505
1,2015/5/21,0.018697
1,2015/5/22,0.028298
1,2015/5/25,0.033537
1,2015/5/26,0.020171
1,2015/5/27,0.006275
1,2015/5/28,-0.065048
1,2015/5/29,-0.001844
1,2015/6/1,0.047052
1,2015/6/2,0.016938
1,2015/6/3,-0.000112
1,2015/6/4,0.007561
1,2015/6/5,0.015361
1,2015/6/8,0.021657
1,2015/6/9,-0.003575
1,2015/6/10,-0.001466
1,2015/6/11,0.003047
1,2015/6/12,0.008739
1,2015/6/15,-0.020006
1,2015/6/16,-0.034675
1,2015/6/17,0.016464
1,2015/6/18,-0.036744
1,2015/6/19,-0.064152
1,2015/6/23,0.021912
1,2015/6/24,0.024835
1,2015/6/25,-0.03462
1,2015/6/26,-0.073967
1,2015/6/29,-0.033353
1,2015/6/30,0.055315
1,2015/7/1,-0.052259
1,2015/7/2,-0.034767
1,2015/7/3,-0.057722
1,2015/7/6,0.024139
1,2015/7/7,-0.012921
1,2015/7/8,-0.059009
1,2015/7/9,0.057635
1,2015/7/10,0.045419
1,2015/7/13,0.023876
1,2015/7/14,-0.011561
1,2015/7/15,-0.030267
1,2015/7/16,0.004591
1,2015/7/17,0.035095
1,2015/7/20,0.008783
1,2015/7/21,0.006404
1,2015/7/22,0.002083
1,2015/7/23,0.024311
1,2015/7/24,-0.012855
1,2015/7/27,-0.084834
1,2015/7/28,-0.016791
1,2015/7/29,0.034443
1,2015/7/30,-0.022011
1,2015/7/31,-0.011344
1,2015/8/3,-0.011142
1,2015/8/4,0.036888
1,2015/8/5,-0.016497
1,2015/8/6,-0.008941
1,2015/8/7,0.022577
1,2015/8/10,0.049199
1,2015/8/11,-0.000129
1,2015/8/12,-0.010588
1,2015/8/13,0.017558
1,2015/8/14,0.002726
1,2015/8/17,0.007145
1,2015/8/18,-0.061473
1,2015/8/19,0.012258
1,2015/8/20,-0.034216
1,2015/8/21,-0.042722
1,2015/8/24,-0.084909
1,2015/8/25,-0.076307
1,2015/8/26,-0.012708
1,2015/8/27,0.053395
1,2015/8/28,0.048242
1,2015/8/31,-0.008156
1,2015/9/1,-0.012278
1,2015/9/2,-0.002039
1,2015/9/7,-0.025235
1,2015/9/8,0.029227
1,2015/9/9,0.022911
1,2015/9/10,-0.013936
1,2015/9/11,0.000732
1,2015/9/14,-0.026697
1,2015/9/15,-0.035195
1,2015/9/16,0.048946
1,2015/9/17,-0.021001
1,2015/9/18,0.003842
1,2015/9/21,0.018923
1,2015/9/22,0.009212
1,2015/9/23,-0.021889
1,2015/9/24,0.008601
1,2015/9/25,-0.016018
1,2015/9/28,0.002719
1,2015/9/29,-0.020195
1,2015/9/30,0.00482
1,2015/10/8,0.02967
1,2015/10/9,0.01266
1,2015/10/12,0.032832
1,2015/10/13,0.001694
1,2015/10/14,-0.009349
1,2015/10/15,0.023183
1,2015/10/16,0.015961
1,2015/10/19,-0.001372
1,2015/10/20,0.011406
1,2015/10/21,-0.030553
1,2015/10/22,0.014474
1,2015/10/23,0.012971
1,2015/10/26,0.005025
1,2015/10/27,0.001386
1,2015/10/28,-0.01722
1,2015/10/29,-0.004876
1,2015/10/30,-0.001403
1,2015/11/2,-0.016992
1,2015/11/3,-0.002523
1,2015/11/4,0.043099
1,2015/11/5,0.018262
1,2015/11/6,0.019079
1,2015/11/9,0.015835
1,2015/11/10,-0.001754
1,2015/11/11,0.002682
1,2015/11/12,-0.004752
1,2015/11/13,-0.014331
1,2015/11/16,0.007294
1,2015/11/17,-0.000599
1,2015/11/18,-0.010077
1,2015/11/19,0.013618
1,2015/11/20,0.003715
1,2015/11/23,-0.00556
1,2015/11/24,0.001606
1,2015/11/25,0.008799
1,2015/11/26,-0.003393
1,2015/11/27,-0.054806
1,2015/11/30,0.002649
1,2015/12/1,0.003165
1,2015/12/2,0.023319
1,2015/12/3,0.013548
1,2015/12/4,-0.01669
1,2015/12/7,0.003386
1,2015/12/8,-0.018903
1,2015/12/9,0.000683
1,2015/12/10,-0.00488
1,2015/12/11,-0.006052
1,2015/12/14,0.025065
1,2015/12/15,-0.00293
1,2015/12/16,0.001662
1,2015/12/17,0.018148
1,2015/12/18,-0.000289
1,2015/12/21,0.017745
1,2015/12/22,0.002552
1,2015/12/23,-0.004293
1,2015/12/24,-0.006492
1,2015/12/25,0.004271
1,2015/12/28,-0.025947
1,2015/12/29,0.008477
1,2015/12/30,0.002565
1,2015/12/31,-0.00943
1,2016/1/4,-0.068638
1,2016/1/5,-0.002593
1,2016/1/6,0.022547
1,2016/1/7,-0.070449
1,2016/1/8,0.019651
1,2016/1/11,-0.05326
1,2016/1/12,0.002041
1,2016/1/13,-0.024237
1,2016/1/14,0.019681
1,2016/1/15,-0.035469
1,2016/1/18,0.004435
1,2016/1/19,0.032226
1,2016/1/20,-0.010322
1,2016/1/21,-0.032322
1,2016/1/22,0.012526
1,2016/1/25,0.007527
1,2016/1/26,-0.064226
1,2016/1/27,-0.005174
1,2016/1/28,-0.029207
1,2016/1/29,0.030854
1,2016/2/1,-0.017806
1,2016/2/2,0.022581
1,2016/2/3,-0.003754
1,2016/2/4,0.015251
1,2016/2/5,-0.006304
1,2016/2/15,-0.006259
1,2016/2/16,0.032909
1,2016/2/17,0.010847
1,2016/2/18,-0.00155
1,2016/2/19,-0.001003
1,2016/2/22,0.02348
1,2016/2/23,-0.008146
1,2016/2/24,0.008805
1,2016/2/25,-0.064069
1,2016/2/26,0.009472
1,2016/2/29,-0.028632
1,2016/3/1,0.016812
1,2016/3/2,0.042629
1,2016/3/3,0.003536
1,2016/3/4,0.005032
1,2016/3/7,0.00807
1,2016/3/8,0.001397
1,2016/3/9,-0.013384
1,2016/3/10,-0.020202
1,2016/3/11,0.00199
1,2016/3/14,0.017504
1,2016/3/15,0.001703
1,2016/3/16,0.002116
1,2016/3/17,0.011985
1,2016/3/18,0.017322
1,2016/3/21,0.021539
1,2016/3/22,-0.006439
1,2016/3/23,0.003533
1,2016/3/24,-0.016276
1,2016/3/25,0.006236
1,2016/3/28,-0.007254
1,2016/3/29,-0.012843
1,2016/3/30,0.027677
1,2016/3/31,0.00109
1,2016/4/1,0.001869
1,2016/4/5,0.014466
1,2016/4/6,-0.00081
1,2016/4/7,-0.013824
1,2016/4/8,-0.007799
1,2016/4/11,0.016415
1,2016/4/12,-0.003399
1,2016/4/13,0.014219
1,2016/4/14,0.005127
1,2016/4/15,-0.001377
1,2016/4/18,-0.014443
1,2016/4/19,0.00302
1,2016/4/20,-0.023083
1,2016/4/21,-0.006625
1,2016/4/22,0.00215
1,2016/4/25,-0.004248
1,2016/4/26,0.006119
1,2016/4/27,-0.00372
1,2016/4/28,-0.002736
1,2016/4/29,-0.002466
1,2016/5/3,0.018486
1,2016/5/4,-0.000458
1,2016/5/5,0.002196
1,2016/5/6,-0.028218
1,2016/5/9,-0.02785
1,2016/5/10,0.000169
1,2016/5/11,0.00157
1,2016/5/12,-0.000414
1,2016/5/13,-0.003087
1,2016/5/16,0.008402
1,2016/5/17,-0.002518
1,2016/5/18,-0.012719
1,2016/5/19,-0.000217
1,2016/5/20,0.006618
1,2016/5/23,0.006428
1,2016/5/24,-0.007729
1,2016/5/25,-0.002332
1,2016/5/26,0.002613
1,2016/5/27,-0.000495
1,2016/5/30,0.000498
1,2016/5/31,0.033363
1,2016/6/1,-0.001066
1,2016/6/2,0.004023
1,2016/6/3,0.004599
1,2016/6/6,-0.00156
1,2016/6/7,0.000664
1,2016/6/8,-0.003027
1,2016/6/13,-0.032143
1,2016/6/14,0.003218
1,2016/6/15,0.01584
1,2016/6/16,-0.004985
1,2016/6/17,0.004277
1,2016/6/20,0.001284
1,2016/6/21,-0.003549
1,2016/6/22,0.009377
1,2016/6/23,-0.004677
1,2016/6/24,-0.013027
1,2016/6/27,0.01451
1,2016/6/28,0.00582
1,2016/6/29,0.006535
1,2016/6/30,-0.000677
1,2016/7/1,0.00098
1,2016/7/4,0.01914
1,2016/7/5,0.005952
1,2016/7/6,0.003626
1,2016/7/7,-0.000147
1,2016/7/8,-0.009531
1,2016/7/11,0.002283
1,2016/7/12,0.018185
1,2016/7/13,0.003708
1,2016/7/14,-0.00218
1,2016/7/15,0.000091
1,2016/7/18,-0.003514
1,2016/7/19,-0.002289
1,2016/7/20,-0.002865
1,2016/7/21,0.003669
1,2016/7/22,-0.008619
1,2016/7/25,0.001
1,2016/7/26,0.011386
1,2016/7/27,-0.01907
1,2016/7/28,0.000777
1,2016/7/29,-0.005004
1,2016/8/1,-0.008711
1,2016/8/2,0.006059
1,2016/8/3,0.002417
1,2016/8/4,0.001331
1,2016/8/5,-0.001921
1,2016/8/8,0.009266
1,2016/8/9,0.007124
1,2016/8/10,-0.002292
1,2016/8/11,-0.005336
1,2016/8/12,0.015996
1,2016/8/15,0.02443
1,2016/8/16,-0.00485
1,2016/8/17,-0.000155
1,2016/8/18,-0.00175
1,2016/8/19,0.001285
1,2016/8/22,-0.007496
1,2016/8/23,0.001589
1,2016/8/24,-0.001238
1,2016/8/25,-0.005688
1,2016/8/26,0.000645
1,2016/8/29,-0.000092
1,2016/8/30,0.001515
1,2016/8/31,0.003517
1,2016/9/1,-0.00719
1,2016/9/2,0.001321
1,2016/9/5,0.001546
1,2016/9/6,0.00606
1,2016/9/7,0.000393
1,2016/9/8,0.001302
1,2016/9/9,-0.005523
1,2016/9/12,-0.018474
1,2016/9/13,0.000507
1,2016/9/14,-0.006833
1,2016/9/19,0.007727
1,2016/9/20,-0.001009
1,2016/9/21,0.000951
1,2016/9/22,0.005433
1,2016/9/23,-0.002767
1,2016/9/26,-0.017623
1,2016/9/27,0.005953
1,2016/9/28,-0.00344
1,2016/9/29,0.003556
1,2016/9/30,0.002074
1,2016/10/10,0.014457
1,2016/10/11,0.005612
1,2016/10/12,-0.002203
1,2016/10/13,0.000931
1,2016/10/14,0.000805
1,2016/10/17,-0.00739
1,2016/10/18,0.014044
1,2016/10/19,0.000274
1,2016/10/20,-0.000085
1,2016/10/21,0.002102
1,2016/10/24,0.012069
1,2016/10/25,0.00118
1,2016/10/26,-0.00499
1,2016/10/27,-0.001271
1,2016/10/28,-0.002596
1,2016/10/31,-0.001217
1,2016/11/1,0.007078
1,2016/11/2,-0.00631
1,2016/11/3,0.008445
1,2016/11/4,-0.001157
1,2016/11/7,0.002565
1,2016/11/8,0.004645
1,2016/11/9,-0.0062
1,2016/11/10,0.013717
1,2016/11/11,0.007808
1,2016/11/14,0.004483
1,2016/11/15,-0.001054
1,2016/11/16,-0.000601
1,2016/11/17,0.001059
1,2016/11/18,-0.004861
1,2016/11/21,0.007921
1,2016/11/22,0.009386
1,2016/11/23,-0.002221
1,2016/11/24,0.000185
1,2016/11/25,0.006232
1,2016/11/28,0.004618
1,2016/11/29,0.001808
1,2016/11/30,-0.010019
1,2016/12/1,0.007161
1,2016/12/2,-0.009002
1,2016/12/5,-0.012064
1,2016/12/6,-0.00158
1,2016/12/7,0.007062
1,2016/12/8,-0.002134
1,2016/12/9,0.005448
1,2016/12/12,-0.024719
1,2016/12/13,0.000656
1,2016/12/14,-0.004598
1,2016/12/15,-0.007277
1,2016/12/16,0.001701
1,2016/12/19,-0.001568
1,2016/12/20,-0.004878
1,2016/12/21,0.011136
1,2016/12/22,0.000678
1,2016/12/23,-0.009366
1,2016/12/26,0.003992
1,2016/12/27,-0.002532
1,2016/12/28,-0.00399
1,2016/12/29,-0.001979
1,2016/12/30,0.002435
1,2017/1/3,0.010402
1,2017/1/4,0.007294
1,2017/1/5,0.002095
1,2017/1/6,-0.003503
1,2017/1/9,0.005362
1,2017/1/10,-0.003016
1,2017/1/11,-0.007881
1,2017/1/12,-0.005568
1,2017/1/13,-0.002092
1,2017/1/16,-0.002999
1,2017/1/17,0.001723
1,2017/1/18,0.001363
1,2017/1/19,-0.003763
1,2017/1/20,0.007042
1,2017/1/23,0.004366
1,2017/1/24,0.001842
1,2017/1/25,0.002228
1,2017/1/26,0.003052
1,2017/2/3,-0.006013
1,2017/2/6,0.005354
1,2017/2/7,-0.001234
1,2017/2/8,0.004406
1,2017/2/9,0.005114
1,2017/2/10,0.004247
1,2017/2/13,0.0063
1,2017/2/14,0.000339
1,2017/2/15,-0.001536
1,2017/2/16,0.005176
1,2017/2/17,-0.008528
1,2017/2/20,0.011831
1,2017/2/21,0.004125
1,2017/2/22,0.002426
1,2017/2/23,-0.003018
1,2017/2/24,0.000633
1,2017/2/27,-0.007614
1,2017/2/28,0.004049
1,2017/3/1,0.001604
1,2017/3/2,-0.005207
1,2017/3/3,-0.003627
1,2017/3/6,0.004833
1,2017/3/7,0.002641
1,2017/3/8,-0.000537
1,2017/3/9,-0.007381
1,2017/3/10,-0.001239
1,2017/3/13,0.007552
1,2017/3/14,0.000712
1,2017/3/15,0.000751
1,2017/3/16,0.008383
1,2017/3/17,-0.009632
1,2017/3/20,0.004127
1,2017/3/21,0.003323
1,2017/3/22,-0.005025
1,2017/3/23,0.001026
1,2017/3/24,0.006432
1,2017/3/27,-0.000762
1,2017/3/28,-0.004287
1,2017/3/29,-0.003576
1,2017/3/30,-0.009588
1,2017/3/31,0.003824
1,2017/4/5,0.01483
1,2017/4/6,0.003272
1,2017/4/7,0.00171
1,2017/4/10,-0.00524
1,2017/4/11,0.005987
1,2017/4/12,-0.004602
1,2017/4/13,0.000651
1,2017/4/14,-0.009125
1,2017/4/17,-0.007363
1,2017/4/18,-0.0079
1,2017/4/19,-0.008141
1,2017/4/20,0.000446
1,2017/4/21,0.000331
1,2017/4/24,-0.013747
1,2017/4/25,0.001609
1,2017/4/26,0.002003
1,2017/4/27,0.00361
1,2017/4/28,0.000784
1,2017/5/2,-0.00347
1,2017/5/3,-0.002661
1,2017/5/4,-0.002544
1,2017/5/5,-0.00778
1,2017/5/8,-0.007871
1,2017/5/9,0.000622
1,2017/5/10,-0.009006
1,2017/5/11,0.002855
1,2017/5/12,0.00719
1,2017/5/15,0.002178
1,2017/5/16,0.007357
1,2017/5/17,-0.002738
1,2017/5/18,-0.004607
1,2017/5/19,0.000159
1,2017/5/22,-0.004839
1,2017/5/23,-0.004464
1,2017/5/24,0.000695
1,2017/5/25,0.01428
1,2017/5/26,0.000717
1,2017/5/31,0.002289
1,2017/6/1,-0.004669
1,2017/6/2,0.00094
1,2017/6/5,-0.004471
1,2017/6/6,0.003387
1,2017/6/7,0.012314
1,2017/6/8,0.003187
1,2017/6/9,0.00256
1,2017/6/12,-0.005865
1,2017/6/13,0.004416
1,2017/6/14,-0.007315
1,2017/6/15,0.000579
1,2017/6/16,-0.002975
1,2017/6/19,0.006791
1,2017/6/20,-0.001387
1,2017/6/21,0.005159
1,2017/6/22,-0.002775
1,2017/6/23,0.003311
1,2017/6/26,0.008731
1,2017/6/27,0.001806
1,2017/6/28,-0.005639
1,2017/6/29,0.004684
1,2017/6/30,0.001369
1,2017/7/3,0.001092
1,2017/7/4,-0.004101
1,2017/7/5,0.007644
1,2017/7/6,0.001656
1,2017/7/7,0.001716
1,2017/7/10,-0.001655
1,2017/7/11,-0.002987
1,2017/7/12,-0.001715
1,2017/7/13,0.006448
1,2017/7/14,0.001322
1,2017/7/17,-0.01426
1,2017/7/18,0.003495
1,2017/7/19,0.013618
1,2017/7/20,0.004299
1,2017/7/21,-0.002121
1,2017/7/24,0.003897
1,2017/7/25,-0.002126
1,2017/7/26,0.001229
1,2017/7/27,0.000648
1,2017/7/28,0.001064
1,2017/7/31,0.006083
1,2017/8/1,0.005991
1,2017/8/2,-0.002302
1,2017/8/3,-0.003692
1,2017/8/4,-0.003314
1,2017/8/7,0.005327
1,2017/8/8,0.000737
1,2017/8/9,-0.00192
1,2017/8/10,-0.00422
1,2017/8/11,-0.016313
1,2017/8/14,0.008982
1,2017/8/15,0.004294
1,2017/8/16,-0.00148
1,2017/8/17,0.00677
1,2017/8/18,0.00009
1,2017/8/21,0.005562
1,2017/8/22,0.00101
1,2017/8/23,-0.000766
1,2017/8/24,-0.004925
1,2017/8/25,0.018343
1,2017/8/28,0.009344
1,2017/8/29,0.000766
1,2017/8/30,-0.000475
1,2017/8/31,-0.000837
1,2017/9/1,0.001877
1,2017/9/4,0.003702
1,2017/9/5,0.001401
1,2017/9/6,0.000317
1,2017/9/7,-0.005876
1,2017/9/8,-0.000075
1,2017/9/11,0.003321
1,2017/9/12,0.000909
1,2017/9/13,0.001379
1,2017/9/14,-0.003759
1,2017/9/15,-0.005282
1,2017/9/18,0.002755
1,2017/9/19,-0.001788
1,2017/9/20,0.002726
1,2017/9/21,-0.002431
1,2017/9/22,-0.001573
1,2017/9/25,-0.003275
1,2017/9/26,0.000609
1,2017/9/27,0.000505
1,2017/9/28,-0.001683
1,2017/9/29,0.002785
1,2017/10/9,0.007595
1,2017/10/10,0.002552
1,2017/10/11,0.001565
1,2017/10/12,-0.000645
1,2017/10/13,0.001306
1,2017/10/16,-0.003555
1,2017/10/17,-0.001903
1,2017/10/18,0.002892
1,2017/10/19,-0.003437
1,2017/10/20,0.002515
1,2017/10/23,0.000607
1,2017/10/24,0.002233
1,2017/10/25,0.002553
1,2017/10/26,0.003141
1,2017/10/27,0.002713
1,2017/10/30,-0.007748
1,2017/10/31,0.000886
1,2017/11/1,0.000757
1,2017/11/2,-0.003711
1,2017/11/3,-0.003418
1,2017/11/6,0.004873
1,2017/11/7,0.007497
1,2017/11/8,0.000552
1,2017/11/9,0.003612
1,2017/11/10,0.001423
1,2017/11/13,0.004417
1,2017/11/14,-0.005304
1,2017/11/15,-0.00788
1,2017/11/16,-0.000962
1,2017/11/17,-0.004808
1,2017/11/20,0.002806
1,2017/11/21,0.005335
1,2017/11/22,0.005854
1,2017/11/23,-0.022897
1,2017/11/24,0.000568
1,2017/11/27,-0.009419
1,2017/11/28,0.00344
1,2017/11/29,0.001261
1,2017/11/30,-0.006194
1,2017/12/1,0.000129
1,2017/12/4,-0.002411
1,2017/12/5,-0.001796
1,2017/12/6,-0.002939
1,2017/12/7,-0.006652
1,2017/12/8,0.005482
1,2017/12/11,0.009788
1,2017/12/12,-0.012456
1,2017/12/13,0.006774
1,2017/12/14,-0.003209
1,2017/12/15,-0.007989
1,2017/12/18,0.000547
1,2017/12/19,0.008757
1,2017/12/20,-0.00271
1,2017/12/21,0.003788
1,2017/12/22,-0.000908
1,2017/12/25,-0.005035
1,2017/12/26,0.007823
1,2017/12/27,-0.009178
1,2017/12/28,0.006289
1,2017/12/29,0.003272
1,2018/1/2,0.012444
1,2018/1/3,0.006207
1,2018/1/4,0.004928
1,2018/1/5,0.001784
1,2018/1/8,0.005227
1,2018/1/9,0.001297
1,2018/1/10,0.002324
1,2018/1/11,0.001026
1,2018/1/12,0.00105
1,2018/1/15,-0.005382
1,2018/1/16,0.007655
1,2018/1/17,0.00235
1,2018/1/18,0.008733
1,2018/1/19,0.003773
1,2018/1/22,0.00387
1,2018/1/23,0.012893
1,2018/1/24,0.003654
1,2018/1/25,-0.003135
1,2018/1/26,0.002768
1,2018/1/29,-0.009873
1,2018/1/30,-0.009932
1,2018/1/31,-0.002057
1,2018/2/1,-0.009726
1,2018/2/2,0.004381
1,2018/2/5,0.007341
1,2018/2/6,-0.033504
1,2018/2/7,-0.018214
1,2018/2/8,-0.014266
1,2018/2/9,-0.040526
1,2018/2/12,0.007756
1,2018/2/13,0.009776
1,2018/2/14,0.004458
1,2018/2/22,0.021693
1,2018/2/23,0.006261
1,2018/2/26,0.012329
1,2018/2/27,-0.011265
1,2018/2/28,-0.009921
1,2018/3/1,0.004402
1,2018/3/2,-0.005873
1,2018/3/5,0.000737
1,2018/3/6,0.010045
1,2018/3/7,-0.005464
1,2018/3/8,0.005116
1,2018/3/9,0.005705
1,2018/3/12,0.005906
1,2018/3/13,-0.004948
1,2018/3/14,-0.005697
1,2018/3/15,-0.000082
1,2018/3/16,-0.006451
1,2018/3/19,0.002866
1,2018/3/20,0.003473
1,2018/3/21,-0.002944
1,2018/3/22,-0.005325
1,2018/3/23,-0.033927
1,2018/3/26,-0.006039
1,2018/3/27,0.010507
1,2018/3/28,-0.014008
1,2018/3/29,0.012248
1,2018/3/30,0.002647
1,2018/4/2,-0.001804
1,2018/4/3,-0.008392
1,2018/4/4,-0.00176
1,2018/4/9,0.002294
1,2018/4/10,0.016578
1,2018/4/11,0.005567
1,2018/4/12,-0.008704
1,2018/4/13,-0.006637
1,2018/4/16,-0.015322
1,2018/4/17,-0.014097
1,2018/4/18,0.008022
1,2018/4/19,0.008403
1,2018/4/20,-0.014702
1,2018/4/23,-0.00115
1,2018/4/24,0.019855
1,2018/4/25,-0.003501
1,2018/4/26,-0.013773
1,2018/4/27,0.002342
1,2018/5/2,-0.000342
1,2018/5/3,0.006388
1,2018/5/4,-0.003169
1,2018/5/7,0.014756
1,2018/5/8,0.007923
1,2018/5/9,-0.000743
1,2018/5/10,0.004831
1,2018/5/11,-0.003512
1,2018/5/14,0.003404
1,2018/5/15,0.005698
1,2018/5/16,-0.007065
1,2018/5/17,-0.004822
1,2018/5/18,0.012371
1,2018/5/21,0.006431
1,2018/5/22,0.000159
1,2018/5/23,-0.01412
1,2018/5/24,-0.004517
1,2018/5/25,-0.004231
1,2018/5/28,-0.00198
1,2018/5/29,-0.004664
1,2018/5/30,-0.025323
1,2018/5/31,0.017765
1,2018/6/1,-0.00657
1,2018/6/4,0.005221
1,2018/6/5,0.007445
1,2018/6/6,0.000313
1,2018/6/7,-0.001824
1,2018/6/8,-0.01362
1,2018/6/11,-0.004684
1,2018/6/12,0.008851
1,2018/6/13,-0.009743
1,2018/6/14,-0.001848
1,2018/6/15,-0.007312
1,2018/6/19,-0.037751
1,2018/6/20,0.00272
1,2018/6/21,-0.013692
1,2018/6/22,0.004851
1,2018/6/25,-0.010528
1,2018/6/26,-0.005186
1,2018/6/27,-0.011015
1,2018/6/28,-0.009342
1,2018/6/29,0.021716
1,2018/7/2,-0.025237
1,2018/7/3,0.004082
1,2018/7/4,-0.009962
1,2018/7/5,-0.009149
1,2018/7/6,0.004882
1,2018/7/9,0.024709
1,2018/7/10,0.004446
1,2018/7/11,-0.017631
1,2018/7/12,0.02156
1,2018/7/13,-0.002282
1,2018/7/16,-0.006055
1,2018/7/17,-0.005656
1,2018/7/18,-0.003884
1,2018/7/19,-0.005278
1,2018/7/20,0.02046
1,2018/7/23,0.010699
1,2018/7/24,0.016093
1,2018/7/25,-0.000659
1,2018/7/26,-0.007378
1,2018/7/27,-0.002995
1,2018/7/30,-0.001581
1,2018/7/31,0.002562
1,2018/8/1,-0.018032
1,2018/8/2,-0.020007
1,2018/8/3,-0.009964
1,2018/8/6,-0.012876
1,2018/8/7,0.027435
1,2018/8/8,-0.012702
1,2018/8/9,0.018335
1,2018/8/10,0.000332
1,2018/8/13,-0.003376
1,2018/8/14,-0.001761
1,2018/8/15,-0.020751
1,2018/8/16,-0.006634
1,2018/8/17,-0.013391
1,2018/8/20,0.011053
1,2018/8/21,0.013104
1,2018/8/22,-0.00703
1,2018/8/23,0.00369
1,2018/8/24,0.001764
1,2018/8/27,0.018857
1,2018/8/28,-0.001049
1,2018/8/29,-0.003127
1,2018/8/30,-0.011396
1,2018/8/31,-0.004561
1,2018/9/3,-0.001657
1,2018/9/4,0.01097
1,2018/9/5,-0.016812
1,2018/9/6,-0.004712
1,2018/9/7,0.003978
1,2018/9/10,-0.012144
1,2018/9/11,-0.001755
1,2018/9/12,-0.003261
1,2018/9/13,0.011471
1,2018/9/14,-0.001837
1,2018/9/17,-0.011133
1,2018/9/18,0.018162
1,2018/9/19,0.011445
1,2018/9/20,-0.000588
1,2018/9/21,0.025004
1,2018/9/25,-0.005843
1,2018/9/26,0.009231
1,2018/9/27,-0.005358
1,2018/9/28,0.010594
1,2018/10/8,-0.03716
1,2018/10/9,0.001658
1,2018/10/10,0.001773
1,2018/10/11,-0.052233
1,2018/10/12,0.009079
1,2018/10/15,-0.014889
1,2018/10/16,-0.008476
1,2018/10/17,0.006002
1,2018/10/18,-0.029355
1,2018/10/19,0.025758
1,2018/10/22,0.040938
1,2018/10/23,-0.022619
1,2018/10/24,0.003264
1,2018/10/25,0.000194
1,2018/10/26,-0.001902
1,2018/10/29,-0.021834
1,2018/10/30,0.010206
1,2018/10/31,0.013526
1,2018/11/1,0.001327
1,2018/11/2,0.02695
1,2018/11/5,-0.004127
1,2018/11/6,-0.002279
1,2018/11/7,-0.006774
1,2018/11/8,-0.002162
1,2018/11/9,-0.013947
1,2018/11/12,0.012177
1,2018/11/13,0.009261
1,2018/11/14,-0.008527
1,2018/11/15,0.013649
1,2018/11/16,0.0041
1,2018/11/19,0.009108
1,2018/11/20,-0.021327
1,2018/11/21,0.002136
1,2018/11/22,-0.00229
1,2018/11/23,-0.02493
1,2018/11/26,-0.001424
1,2018/11/27,-0.000439
1,2018/11/28,0.010509
1,2018/11/29,-0.013181
1,2018/11/30,0.00808
1,2018/12/3,0.025736
1,2018/12/4,0.004204
1,2018/12/5,-0.006059
1,2018/12/6,-0.01684
1,2018/12/7,0.000271
1,2018/12/10,-0.008176
1,2018/12/11,0.003678
1,2018/12/12,0.003109
1,2018/12/13,0.012258
1,2018/12/14,-0.015303
1,2018/12/17,0.001632
1,2018/12/18,-0.008208
1,2018/12/19,-0.010512
1,2018/12/20,-0.005215
1,2018/12/21,-0.007892
1,2018/12/24,0.004275
1,2018/12/25,-0.00878
1,2018/12/26,-0.002605
1,2018/12/27,-0.006087
1,2018/12/28,0.004353
1,2019/1/2,-0.01147
1,2019/1/3,-0.000376
1,2019/1/4,0.020494
1,2019/1/7,0.007245
1,2019/1/8,-0.002616
1,2019/1/9,0.007078
1,2019/1/10,-0.003634
1,2019/1/11,0.007389
1,2019/1/14,-0.007074
1,2019/1/15,0.013637
1,2019/1/16,0.00003
1,2019/1/17,-0.004196
1,2019/1/18,0.014209
1,2019/1/21,0.005587
1,2019/1/22,-0.0118
1,2019/1/23,0.000504
1,2019/1/24,0.004141
1,2019/1/25,0.00387
1,2019/1/28,-0.001824
1,2019/1/29,-0.001049
1,2019/1/30,-0.0072
1,2019/1/31,0.003493
1,2019/2/1,0.013023
1,2019/2/11,0.013621
1,2019/2/12,0.006782
1,2019/2/13,0.018404
1,2019/2/14,-0.000503
1,2019/2/15,-0.01372
1,2019/2/18,0.026831
1,2019/2/19,0.000468
1,2019/2/20,0.002022
1,2019/2/21,-0.003411
1,2019/2/22,0.019051
1,2019/2/25,0.056007
1,2019/2/26,-0.006675
1,2019/2/27,0.004184
1,2019/2/28,-0.004357
1,2019/3/1,0.018039
1,2019/3/4,0.011212
1,2019/3/5,0.00881
1,2019/3/6,0.015667
1,2019/3/7,0.001392
1,2019/3/8,-0.04396
1,2019/3/11,0.019237
1,2019/3/12,0.011006
1,2019/3/13,-0.0109
1,2019/3/14,-0.011981
1,2019/3/15,0.010388
1,2019/3/18,0.02471
1,2019/3/19,-0.001758
1,2019/3/20,-0.000108
1,2019/3/21,0.003499
1,2019/3/22,0.000869
1,2019/3/25,-0.019689
1,2019/3/26,-0.015095
1,2019/3/27,0.00855
1,2019/3/28,-0.009189
1,2019/3/29,0.031992
1,2019/4/1,0.025755
1,2019/4/2,0.002038
1,2019/4/3,0.012425
1,2019/4/4,0.009413
1,2019/4/8,-0.000542
1,2019/4/9,-0.001586
1,2019/4/10,0.000699
1,2019/4/11,-0.01603
1,2019/4/12,-0.000419
1,2019/4/15,-0.003399
1,2019/4/16,0.023857
1,2019/4/17,0.002926
1,2019/4/18,-0.003958
1,2019/4/19,0.006337
1,2019/4/22,-0.017046
1,2019/4/23,-0.005116
1,2019/4/24,0.000944
1,2019/4/25,-0.024296
1,2019/4/26,-0.011981
1,2019/4/29,-0.007744
1,2019/4/30,0.005172
1,2019/5/6,-0.055834
1,2019/5/7,0.006856
1,2019/5/8,-0.011152
1,2019/5/9,-0.014791
1,2019/5/10,0.030957
1,2019/5/13,-0.012077
1,2019/5/14,-0.006923
1,2019/5/15,0.019097
1,2019/5/16,0.005796
1,2019/5/17,-0.024838
1,2019/5/20,-0.004056
1,2019/5/21,0.012319
1,2019/5/22,-0.004909
1,2019/5/23,-0.013553
1,2019/5/24,0.000168
1,2019/5/27,0.013804
1,2019/5/28,0.006062
1,2019/5/29,0.001644
1,2019/5/30,-0.00305
1,2019/5/31,-0.002446
1,2019/6/3,-0.002972
1,2019/6/4,-0.009619
1,2019/6/5,-0.000301
1,2019/6/6,-0.011749
1,2019/6/10,0.008605
1,2019/6/11,0.0258
1,2019/6/12,-0.005584
1,2019/6/13,0.000468
1,2019/6/14,-0.009883
1,2019/6/17,0.00196
1,2019/6/18,0.000878
1,2019/6/19,0.009565
1,2019/6/20,0.023756
1,2019/6/21,0.004975
1,2019/6/24,0.002055
1,2019/6/25,-0.008668
1,2019/6/26,-0.001942
1,2019/6/27,0.006891
1,2019/6/28,-0.005978
1,2019/7/1,0.022164
1,2019/7/2,-0.000315
1,2019/7/3,-0.009422
1,2019/7/4,-0.003321
1,2019/7/5,0.001933
1,2019/7/8,-0.025804
1,2019/7/9,-0.00175
1,2019/7/10,-0.004415
1,2019/7/11,0.000843
1,2019/7/12,0.004382
1,2019/7/15,0.003972
1,2019/7/16,-0.001553
1,2019/7/17,-0.002017
1,2019/7/18,-0.010409
1,2019/7/19,0.007936
1,2019/7/22,-0.012731
1,2019/7/23,0.004493
1,2019/7/24,0.008046
1,2019/7/25,0.004817
1,2019/7/26,0.002445
1,2019/7/29,-0.0012
1,2019/7/30,0.003853
1,2019/7/31,-0.006717
1,2019/8/1,-0.008095
1,2019/8/2,-0.014071
1,2019/8/5,-0.016159
1,2019/8/6,-0.015573
1,2019/8/7,-0.003196
1,2019/8/8,0.009345
1,2019/8/9,-0.007085
1,2019/8/12,0.014503
1,2019/8/13,-0.0063
1,2019/8/14,0.004167
1,2019/8/15,0.00245
1,2019/8/16,0.00285
1,2019/8/19,0.02099
1,2019/8/20,-0.001073
1,2019/8/21,0.000115
1,2019/8/22,0.001078
1,2019/8/23,0.004852
1,2019/8/26,-0.011686
1,2019/8/27,0.013489
1,2019/8/28,-0.002907
1,2019/8/29,-0.00098
1,2019/8/30,-0.00162
1,2019/9/2,0.013121
1,2019/9/3,0.002068
1,2019/9/4,0.009303
1,2019/9/5,0.009621
1,2019/9/6,0.0046
1,2019/9/9,0.00838
1,2019/9/10,-0.001169
1,2019/9/11,-0.004101
1,2019/9/12,0.007452
1,2019/9/16,-0.000159
1,2019/9/17,-0.017367
1,2019/9/18,0.002532
1,2019/9/19,0.004562
1,2019/9/20,0.00239
1,2019/9/23,-0.009769
1,2019/9/24,0.002776
1,2019/9/25,-0.010019
1,2019/9/26,-0.008914
1,2019/9/27,0.001051
1,2019/9/30,-0.009201
1,2019/10/8,0.002885
1,2019/10/9,0.003874
1,2019/10/10,0.007814
1,2019/10/11,0.008802
1,2019/10/14,0.01151
1,2019/10/15,-0.005598
1,2019/10/16,-0.004124
1,2019/10/17,-0.000463
1,2019/10/18,-0.013164
1,2019/10/21,0.000503
1,2019/10/22,0.005022
1,2019/10/23,-0.004319
1,2019/10/24,-0.000237
1,2019/10/25,0.004764
1,2019/10/28,0.0085
1,2019/10/29,-0.008682
1,2019/10/30,-0.005028
1,2019/10/31,-0.003492
1,2019/11/1,0.00995
1,2019/11/4,0.005846
1,2019/11/5,0.005401
1,2019/11/6,-0.004335
1,2019/11/7,0.00004
1,2019/11/8,-0.004878
1,2019/11/11,-0.018288
1,2019/11/12,0.001666
1,2019/11/13,-0.003287
1,2019/11/14,0.001593
1,2019/11/15,-0.006367
1,2019/11/18,0.006176
1,2019/11/19,0.008522
1,2019/11/20,-0.007818
1,2019/11/21,-0.002547
1,2019/11/22,-0.00632
1,2019/11/25,0.007237
1,2019/11/26,0.000307
1,2019/11/27,-0.00133
1,2019/11/28,-0.004651
1,2019/11/29,-0.006129
1,2019/12/2,0.001332
1,2019/12/3,0.003092
1,2019/12/4,-0.002282
1,2019/12/5,0.007419
1,2019/12/6,0.004327
1,2019/12/9,0.000846
1,2019/12/10,0.000974
1,2019/12/11,0.002434
1,2019/12/12,-0.002981
1,2019/12/13,0.017827
1,2019/12/16,0.005633
1,2019/12/17,0.012743
1,2019/12/18,-0.001779
1,2019/12/19,0.000007
1,2019/12/20,-0.00402
1,2019/12/23,-0.014039
1,2019/12/24,0.006727
1,2019/12/25,-0.000268
1,2019/12/26,0.008543
1,2019/12/27,-0.000771
1,2019/12/30,0.011643
1,2019/12/31,0.003322
1,2020/1/2,0.011499
1,2020/1/3,-0.000458
1,2020/1/6,-0.000123
1,2020/1/7,0.006938
1,2020/1/8,-0.01221
1,2020/1/9,0.009127
1,2020/1/10,-0.000837
1,2020/1/13,0.007528
1,2020/1/14,-0.002808
1,2020/1/15,-0.005402
1,2020/1/16,-0.005164
1,2020/1/17,0.00046
1,2020/1/20,0.006598
1,2020/1/21,-0.014098
1,2020/1/22,0.002822
1,2020/1/23,-0.027518
1,2020/2/3,-0.077245
1,2020/2/4,0.013355
1,2020/2/5,0.012504
1,2020/2/6,0.017183
1,2020/2/7,0.003298
1,2020/2/10,0.00505
1,2020/2/11,0.00387
1,2020/2/12,0.008693
1,2020/2/13,-0.007115
1,2020/2/14,0.003763
1,2020/2/17,0.022836
1,2020/2/18,0.000452
1,2020/2/19,-0.003206
1,2020/2/20,0.018402
1,2020/2/21,0.00314
1,2020/2/24,-0.002775
1,2020/2/25,-0.005999
1,2020/2/26,-0.008337
1,2020/2/27,0.001138
1,2020/2/28,-0.037116
1,2020/3/2,0.031464
1,2020/3/3,0.007394
1,2020/3/4,0.006271
1,2020/3/5,0.019926
1,2020/3/6,-0.0121
1,2020/3/9,-0.030061
1,2020/3/10,0.018167
1,2020/3/11,-0.009425
1,2020/3/12,-0.01517
1,2020/3/13,-0.012334
1,2020/3/16,-0.034
1,2020/3/17,-0.003446
1,2020/3/18,-0.018306
1,2020/3/19,-0.009758
1,2020/3/20,0.016094
1,2020/3/23,-0.031123
1,2020/3/24,0.023409
1,2020/3/25,0.021728
1,2020/3/26,-0.005997
1,2020/3/27,0.002637
1,2020/3/30,-0.009014
1,2020/3/31,0.001122
1,2020/4/1,-0.005736
1,2020/4/2,0.016865
1,2020/4/3,-0.005988
1,2020/4/7,0.020541
1,2020/4/8,-0.001912
1,2020/4/9,0.003742
1,2020/4/10,-0.010359
1,2020/4/13,-0.004857
1,2020/4/14,0.015894
1,2020/4/15,-0.005698
1,2020/4/16,0.003116
1,2020/4/17,0.006581
1,2020/4/20,0.004953
1,2020/4/21,-0.008953
1,2020/4/22,0.006002
1,2020/4/23,-0.001927
1,2020/4/24,-0.010558
1,2020/4/27,0.00248
1,2020/4/28,-0.001943
1,2020/4/29,0.004419
1,2020/4/30,0.013336
1,2020/5/6,0.006314
1,2020/5/7,-0.002299
1,2020/5/8,0.008296
1,2020/5/11,-0.000187
1,2020/5/12,-0.001121
1,2020/5/13,0.002246
1,2020/5/14,-0.009561
1,2020/5/15,-0.000656
1,2020/5/18,0.002426
1,2020/5/19,0.008054
1,2020/5/20,-0.005119
1,2020/5/21,-0.005484
1,2020/5/22,-0.018884
1,2020/5/25,0.001494
1,2020/5/26,0.010141
1,2020/5/27,-0.003423
1,2020/5/28,0.00332
1,2020/5/29,0.002153
1,2020/6/1,0.022115
1,2020/6/2,0.002047
1,2020/6/3,0.000675
1,2020/6/4,-0.001409
1,2020/6/5,0.003956
1,2020/6/8,0.002379
1,2020/6/9,0.006243
1,2020/6/10,-0.004181
1,2020/6/11,-0.007764
1,2020/6/12,-0.000396
1,2020/6/15,-0.010176
1,2020/6/16,0.014435
1,2020/6/17,0.001407
1,2020/6/18,0.001172
1,2020/6/19,0.009635
1,2020/6/22,-0.000796
1,2020/6/23,0.001804
1,2020/6/24,0.003006
1,2020/6/29,-0.006053
1,2020/6/30,0.00782
1,2020/7/1,0.01384
1,2020/7/2,0.021344
1,2020/7/3,0.02014
1,2020/7/6,0.057113
1,2020/7/7,0.003737
1,2020/7/8,0.017368
1,2020/7/9,0.013855
1,2020/7/10,-0.019495
1,2020/7/13,0.017723
1,2020/7/14,-0.008325
1,2020/7/15,-0.015614
1,2020/7/16,-0.044984
1,2020/7/17,0.001255
1,2020/7/20,0.031119
1,2020/7/21,0.002036
1,2020/7/22,0.003694
1,2020/7/23,-0.002416
1,2020/7/24,-0.038598
1,2020/7/27,0.002646
1,2020/7/28,0.007092
1,2020/7/29,0.02063
1,2020/7/30,-0.002346
1,2020/7/31,0.007054
1,2020/8/3,0.017511
1,2020/8/4,0.001105
1,2020/8/5,0.001743
1,2020/8/6,0.002634
1,2020/8/7,-0.009576
1,2020/8/10,0.007518
1,2020/8/11,-0.01153
1,2020/8/12,-0.006294
1,2020/8/13,0.00044
1,2020/8/14,0.011857
1,2020/8/17,0.023423
1,2020/8/18,0.003573
1,2020/8/19,-0.012448
1,2020/8/20,-0.012978
1,2020/8/21,0.004989
1,2020/8/24,0.001466
1,2020/8/25,-0.003562
1,2020/8/26,-0.012995
1,2020/8/27,0.006119
1,2020/8/28,0.016028
1,2020/8/31,-0.002389
1,2020/9/1,0.004397
1,2020/9/2,-0.001702
1,2020/9/3,-0.005821
1,2020/9/4,-0.008749
1,2020/9/7,-0.018709
1,2020/9/8,0.007236
1,2020/9/9,-0.018631
1,2020/9/10,-0.006085
1,2020/9/11,0.00789
1,2020/9/14,0.005664
1,2020/9/15,0.005144
1,2020/9/16,-0.003567
1,2020/9/17,-0.004108
1,2020/9/18,0.020687
1,2020/9/21,-0.006337
1,2020/9/22,-0.012853
1,2020/9/23,0.001652
1,2020/9/24,-0.017238
1,2020/9/25,-0.001166
1,2020/9/28,-0.000585
1,2020/9/29,0.002121
1,2020/9/30,-0.001956
1,2020/10/9,0.016788
1,2020/10/12,0.026402
1,2020/10/13,0.000383
1,2020/10/14,-0.005647
1,2020/10/15,-0.002573
1,2020/10/16,0.001253
1,2020/10/19,-0.007101
1,2020/10/20,0.00466
1,2020/10/21,-0.000925
1,2020/10/22,-0.003767
1,2020/10/23,-0.010416
1,2020/10/26,-0.0082
1,2020/10/27,0.000983
1,2020/10/28,0.004585
1,2020/10/29,0.001067
1,2020/10/30,-0.014726
1,2020/11/2,0.000182
1,2020/11/3,0.014249
1,2020/11/4,0.001946
1,2020/11/5,0.013026
1,2020/11/6,-0.002402
1,2020/11/9,0.018591
1,2020/11/10,-0.004027
1,2020/11/11,-0.005341
1,2020/11/12,-0.001054
1,2020/11/13,-0.008558
1,2020/11/16,0.011137
1,2020/11/17,-0.002114
1,2020/11/18,0.002218
1,2020/11/19,0.004716
1,2020/11/20,0.004353
1,2020/11/23,0.010884
1,2020/11/24,-0.003417
1,2020/11/25,-0.011901
1,2020/11/26,0.002203
1,2020/11/27,0.011447
1,2020/11/30,-0.004856
1,2020/12/1,0.017744
1,2020/12/2,-0.000741
1,2020/12/3,-0.0021
1,2020/12/4,0.00071
1,2020/12/7,-0.008122
1,2020/12/8,-0.001881
1,2020/12/9,-0.011206
1,2020/12/10,0.000389
1,2020/12/11,-0.007733
1,2020/12/14,0.006551
1,2020/12/15,-0.00056
1,2020/12/16,-0.000074
1,2020/12/17,0.011253
1,2020/12/18,-0.00293
1,2020/12/21,0.007562
1,2020/12/22,-0.018648
1,2020/12/23,0.007608
1,2020/12/24,-0.005679
1,2020/12/25,0.009946
1,2020/12/28,0.000213
1,2020/12/29,-0.005372
1,2020/12/30,0.010481
1,2020/12/31,0.017167
1,2021/1/4,0.008606
1,2021/1/5,0.007342
1,2021/1/6,0.006291
1,2021/1/7,0.007133
1,2021/1/8,-0.001705
1,2021/1/11,-0.010815
1,2021/1/12,0.021759
1,2021/1/13,-0.002685
1,2021/1/14,-0.0091
1,2021/1/15,0.000133
1,2021/1/18,0.008369
1,2021/1/19,-0.008298
1,2021/1/20,0.004686
1,2021/1/21,0.010653
1,2021/1/22,-0.004008
1,2021/1/25,0.004849
1,2021/1/26,-0.015123
1,2021/1/27,0.001096
1,2021/1/28,-0.019076
1,2021/1/29,-0.006307
1,2021/2/1,0.006378
1,2021/2/2,0.008102
1,2021/2/3,-0.004635
1,2021/2/4,-0.004392
1,2021/2/5,-0.001578
1,2021/2/8,0.010329
1,2021/2/9,0.020111
1,2021/2/10,0.014319
1,2021/2/18,0.005545
1,2021/2/19,0.005662
1,2021/2/22,-0.014535
1,2021/2/23,-0.001671
1,2021/2/24,-0.019876
1,2021/2/25,0.005883
1,2021/2/26,-0.02119
1,2021/3/1,0.01206
1,2021/3/2,-0.012054
1,2021/3/3,0.01947
1,2021/3/4,-0.020524
1,2021/3/5,-0.00043
1,2021/3/8,-0.023008
1,2021/3/9,-0.018157
1,2021/3/10,-0.000463
1,2021/3/11,0.023556
1,2021/3/12,0.004727
1,2021/3/15,-0.009595
1,2021/3/16,0.007833
1,2021/3/17,-0.000343
1,2021/3/18,0.005084
1,2021/3/19,-0.016865
1,2021/3/22,0.011389
1,2021/3/23,-0.009273
1,2021/3/24,-0.013029
1,2021/3/25,-0.001031
1,2021/3/26,0.016273
1,2021/3/29,0.004964
1,2021/3/30,0.006224
1,2021/3/31,-0.004271
1,2021/4/1,0.007095
1,2021/4/2,0.00521
1,2021/4/6,-0.000409
1,2021/4/7,-0.000959
1,2021/4/8,0.000842
1,2021/4/9,-0.009154
1,2021/4/12,-0.010934
1,2021/4/13,-0.004828
1,2021/4/14,0.005962
1,2021/4/15,-0.00519
1,2021/4/16,0.008129
1,2021/4/19,0.014863
1,2021/4/20,-0.001324
1,2021/4/21,-0.000004
1,2021/4/22,-0.002251
1,2021/4/23,0.002612
1,2021/4/26,-0.009499
1,2021/4/27,0.00042
1,2021/4/28,0.004199
1,2021/4/29,0.005158
1,2021/4/30,-0.008071
1,2021/5/6,-0.001617
1,2021/5/7,-0.006512
1,2021/5/10,0.002667
1,2021/5/11,0.004041
1,2021/5/12,0.006074
1,2021/5/13,-0.009592
1,2021/5/14,0.01774
1,2021/5/17,0.007804
1,2021/5/18,0.00324
1,2021/5/19,-0.005114
1,2021/5/20,-0.001145
1,2021/5/21,-0.005813
1,2021/5/24,0.003076
1,2021/5/25,0.024036
1,2021/5/26,0.003355
1,2021/5/27,0.004312
1,2021/5/28,-0.002235
1,2021/5/31,0.004081
1,2021/6/1,0.002555
1,2021/6/2,-0.007608
1,2021/6/3,-0.003593
1,2021/6/4,0.00213
1,2021/6/7,0.002143
1,2021/6/8,-0.005399
1,2021/6/9,0.003154
1,2021/6/10,0.005419
1,2021/6/11,-0.005847
1,2021/6/15,-0.009245
1,2021/6/16,-0.010749
1,2021/6/17,0.002068
1,2021/6/18,-0.000144
1,2021/6/21,0.001159
1,2021/6/22,0.007999
1,2021/6/23,0.002476
1,2021/6/24,0.000122
1,2021/6/25,0.01147
1,2021/6/28,-0.00033
1,2021/6/29,-0.009204
1,2021/6/30,0.005043
1,2021/7/1,-0.000672
1,2021/7/2,-0.019511
1,2021/7/5,0.004423
1,2021/7/6,-0.00115
1,2021/7/7,0.006644
1,2021/7/8,-0.007938
1,2021/7/9,-0.000402
1,2021/7/12,0.006739
1,2021/7/13,0.005267
1,2021/7/14,-0.010661
1,2021/7/15,0.010228
1,2021/7/16,-0.007094
1,2021/7/19,-0.000051
1,2021/7/20,-0.000659
1,2021/7/21,0.007315
1,2021/7/22,0.003389
1,2021/7/23,-0.006808
1,2021/7/26,-0.023365
1,2021/7/27,-0.024877
1,2021/7/28,-0.005795
1,2021/7/29,0.014914
1,2021/7/30,-0.004211
1,2021/8/2,0.0197
1,2021/8/3,-0.004703
1,2021/8/4,0.008477
1,2021/8/5,-0.003069
1,2021/8/6,-0.0024
1,2021/8/9,0.010528
1,2021/8/10,0.0101
1,2021/8/11,0.000762
1,2021/8/12,-0.002232
1,2021/8/13,-0.002394
1,2021/8/16,0.000297
1,2021/8/17,-0.020006
1,2021/8/18,0.011114
1,2021/8/19,-0.005661
1,2021/8/20,-0.011029
1,2021/8/23,0.01453
1,2021/8/24,0.010738
1,2021/8/25,0.007373
1,2021/8/26,-0.010937
1,2021/8/27,0.005852
1,2021/8/30,0.001702
1,2021/8/31,0.004475
1,2021/9/1,0.006535
1,2021/9/2,0.008394
1,2021/9/3,-0.004256
1,2021/9/6,0.011203
1,2021/9/7,0.01511
1,2021/9/8,-0.000381
1,2021/9/9,0.004882
1,2021/9/10,0.002702
1,2021/9/13,0.003311
1,2021/9/14,-0.014203
1,2021/9/15,-0.001742
1,2021/9/16,-0.013438
1,2021/9/17,0.001906
1,2021/9/22,0.004019
1,2021/9/23,0.003784
1,2021/9/24,-0.008004
1,2021/9/27,-0.008369
1,2021/9/28,0.005411
1,2021/9/29,-0.018301
1,2021/9/30,0.009013
1,2021/10/8,0.006726
1,2021/10/11,-0.000127
1,2021/10/12,-0.012466
1,2021/10/13,0.00418
1,2021/10/14,-0.000978
1,2021/10/15,0.003959
1,2021/10/18,-0.001184
1,2021/10/19,0.007011
1,2021/10/20,-0.001712
1,2021/10/21,0.00217
1,2021/10/22,-0.003388
1,2021/10/25,0.007609
1,2021/10/26,-0.003387
1,2021/10/27,-0.009821
1,2021/10/28,-0.01232
1,2021/10/29,0.008219
1,2021/11/1,-0.000805
1,2021/11/2,-0.010961
1,2021/11/3,-0.002023
1,2021/11/4,0.008097
1,2021/11/5,-0.010008
1,2021/11/8,0.002023
1,2021/11/9,0.002393
1,2021/11/10,-0.004146
1,2021/11/11,0.011546
1,2021/11/12,0.001787
1,2021/11/15,-0.001638
1,2021/11/16,-0.003259
1,2021/11/17,0.004424
1,2021/11/18,-0.004708
1,2021/11/19,0.011265
1,2021/11/22,0.006097
1,2021/11/23,0.001957
1,2021/11/24,0.001007
1,2021/11/25,-0.002373
1,2021/11/26,-0.005605
1,2021/11/29,-0.000391
1,2021/11/30,0.000334
1,2021/12/1,0.003647
1,2021/12/2,-0.000852
1,2021/12/3,0.009401
1,2021/12/6,-0.005025
1,2021/12/7,0.001611
1,2021/12/8,0.011816
1,2021/12/9,0.009752
1,2021/12/10,-0.001822
1,2021/12/13,0.004019
1,2021/12/14,-0.005313
1,2021/12/15,-0.003795
1,2021/12/16,0.007508
1,2021/12/17,-0.011606
1,2021/12/20,-0.010671
1,2021/12/21,0.008772
1,2021/12/22,-0.000692
1,2021/12/23,0.00572
1,2021/12/24,-0.00694
1,2021/12/27,-0.000575
1,2021/12/28,0.00391
1,2021/12/29,-0.009121
1,2021/12/30,0.006169
1,2021/12/31,0.005688
1,2022/1/4,-0.002046
1,2022/1/5,-0.010228
1,2022/1/6,-0.00253
1,2022/1/7,-0.001823
1,2022/1/10,0.003904
1,2022/1/11,-0.007257
1,2022/1/12,0.008407
1,2022/1/13,-0.011723
1,2022/1/14,-0.009564
1,2022/1/17,0.005796
1,2022/1/18,0.007976
1,2022/1/19,-0.003287
1,2022/1/20,-0.000876
1,2022/1/21,-0.00914
1,2022/1/24,0.000436
1,2022/1/25,-0.025835
1,2022/1/26,0.006585
1,2022/1/27,-0.017774
1,2022/1/28,-0.009665
1,2022/2/7,0.020271
1,2022/2/8,0.00672
1,2022/2/9,0.007912
1,2022/2/10,0.001713
1,2022/2/11,-0.006586
1,2022/2/14,-0.009837
1,2022/2/15,0.005018
1,2022/2/16,0.005729
1,2022/2/17,0.000636
1,2022/2/18,0.006552
1,2022/2/21,-0.000042
1,2022/2/22,-0.009587
1,2022/2/23,0.009256
1,2022/2/24,-0.016964
1,2022/2/25,0.006254
1,2022/2/28,0.003158
1,2022/3/1,0.007662
1,2022/3/2,-0.001331
1,2022/3/3,-0.000884
1,2022/3/4,-0.009613
1,2022/3/7,-0.021694
1,2022/3/8,-0.023519
1,2022/3/9,-0.011277
1,2022/3/10,0.012193
1,2022/3/11,0.004143
1,2022/3/14,-0.026049
1,2022/3/15,-0.049501
1,2022/3/16,0.034839
1,2022/3/17,0.013983
1,2022/3/18,0.011206
1,2022/3/21,0.000804
1,2022/3/22,0.001898
1,2022/3/23,0.003427
1,2022/3/24,-0.006349
1,2022/3/25,-0.011699
1,2022/3/28,0.000704
1,2022/3/29,-0.003286
1,2022/3/30,0.019556
1,2022/3/31,-0.004406
1,2022/4/1,0.009383
1,2022/4/6,0.000216
1,2022/4/7,-0.014232
1,2022/4/8,0.004682
1,2022/4/11,-0.026054
1,2022/4/12,0.014589
1,2022/4/13,-0.008249
1,2022/4/14,0.01218
1,2022/4/15,-0.004463
1,2022/4/18,-0.004896
1,2022/4/19,-0.000468
1,2022/4/20,-0.013456
1,2022/4/21,-0.022609
1,2022/4/22,0.002309
1,2022/4/25,-0.051316
1,2022/4/26,-0.014371
1,2022/4/27,0.024894
1,2022/4/28,0.005815
1,2022/4/29,0.024056
1,2022/5/5,0.006792
1,2022/5/6,-0.021579
1,2022/5/9,0.00086
1,2022/5/10,0.010553
1,2022/5/11,0.00753
1,2022/5/12,-0.001213
1,2022/5/13,0.009588
1,2022/5/16,-0.003416
1,2022/5/17,0.00649
1,2022/5/18,-0.002495
1,2022/5/19,0.003561
1,2022/5/20,0.016016
1,2022/5/23,0.000092
1,2022/5/24,-0.024129
1,2022/5/25,0.011898
1,2022/5/26,0.005034
1,2022/5/27,0.002283
1,2022/5/30,0.006013
1,2022/5/31,0.011866
1,2022/6/1,-0.00134
1,2022/6/2,0.00418
1,2022/6/6,0.012804
1,2022/6/7,0.001666
1,2022/6/8,0.006795
1,2022/6/9,-0.00761
1,2022/6/10,0.014165
1,2022/6/13,-0.008915
1,2022/6/14,0.010246
1,2022/6/15,0.005017
1,2022/6/16,-0.006057
1,2022/6/17,0.009558
1,2022/6/20,-0.000409
1,2022/6/21,-0.002627
1,2022/6/22,-0.011951
1,2022/6/23,0.016206
1,2022/6/24,0.008915
1,2022/6/27,0.008788
1,2022/6/28,0.008885
1,2022/6/29,-0.013989
1,2022/6/30,0.011036
1,2022/7/1,-0.00323
1,2022/7/4,0.005251
1,2022/7/5,-0.000412
1,2022/7/6,-0.014299
1,2022/7/7,0.002697
1,2022/7/8,-0.002473
1,2022/7/11,-0.012662
1,2022/7/12,-0.009693
1,2022/7/13,0.000861
1,2022/7/14,-0.000776
1,2022/7/15,-0.016358
1,2022/7/18,0.015502
1,2022/7/19,0.000405
1,2022/7/20,0.007713
1,2022/7/21,-0.009902
1,2022/7/22,-0.000619
1,2022/7/25,-0.00599
1,2022/7/26,0.008321
1,2022/7/27,-0.000513
1,2022/7/28,0.002082
1,2022/7/29,-0.008937
1,2022/8/1,0.002066
1,2022/8/2,-0.022605
1,2022/8/3,-0.00709
1,2022/8/4,0.008018
1,2022/8/5,0.011912
1,2022/8/8,0.00307
1,2022/8/9,0.003243
1,2022/8/10,-0.005362
1,2022/8/11,0.015989
1,2022/8/12,-0.001456
1,2022/8/15,-0.000244
1,2022/8/16,0.000549
1,2022/8/17,0.004467
1,2022/8/18,-0.00455
1,2022/8/19,-0.005939
1,2022/8/22,0.006051
1,2022/8/23,-0.000479
1,2022/8/24,-0.018625
1,2022/8/25,0.009656
1,2022/8/26,-0.003088
1,2022/8/29,0.001392
1,2022/8/30,-0.004168
1,2022/8/31,-0.007772
1,2022/9/1,-0.005358
1,2022/9/2,0.00047
1,2022/9/5,0.004216
1,2022/9/6,0.013605
1,2022/9/7,0.000878
1,2022/9/8,-0.003299
1,2022/9/9,0.00818
1,2022/9/13,0.000534
1,2022/9/14,-0.008044
1,2022/9/15,-0.011621
1,2022/9/16,-0.022976
1,2022/9/19,-0.003453
1,2022/9/20,0.002184
1,2022/9/21,-0.001675
1,2022/9/22,-0.002652
1,2022/9/23,-0.006607
1,2022/9/26,-0.012027
1,2022/9/27,0.013973
1,2022/9/28,-0.015772
1,2022/9/29,-0.001268
1,2022/9/30,-0.005529
1,2022/10/10,-0.016614
1,2022/10/11,0.001899
1,2022/10/12,0.015341
1,2022/10/13,-0.003024
1,2022/10/14,0.018443
1,2022/10/17,0.004217
1,2022/10/18,-0.001292
1,2022/10/19,-0.011873
1,2022/10/20,-0.003064
1,2022/10/21,0.001278
1,2022/10/24,-0.020196
1,2022/10/25,-0.000427
1,2022/10/26,0.007802
1,2022/10/27,-0.005535
1,2022/10/28,-0.022454
1,2022/10/31,-0.007697
1,2022/11/1,0.026168
1,2022/11/2,0.011508
1,2022/11/3,-0.001853
1,2022/11/4,0.024348
1,2022/11/7,0.002286
1,2022/11/8,-0.004329
1,2022/11/9,-0.005327
1,2022/11/10,-0.003949
1,2022/11/11,0.016851
1,2022/11/14,-0.001261
1,2022/11/15,0.016435
1,2022/11/16,-0.004498
1,2022/11/17,-0.001457
1,2022/11/18,-0.005839
1,2022/11/21,-0.003939
1,2022/11/22,0.001264
1,2022/11/23,0.002578
1,2022/11/24,-0.002453
1,2022/11/25,0.004008
1,2022/11/28,-0.007462
1,2022/11/29,0.023127
1,2022/11/30,0.000504
1,2022/12/1,0.004486
1,2022/12/2,-0.002946
1,2022/12/5,0.017639
1,2022/12/6,0.000224
1,2022/12/7,-0.00402
1,2022/12/8,-0.000709
1,2022/12/9,0.003002
1,2022/12/12,-0.008702
1,2022/12/13,-0.000854
1,2022/12/14,0.000063
1,2022/12/15,-0.00248
1,2022/12/16,-0.000249
1,2022/12/19,-0.019175
1,2022/12/20,-0.010733
1,2022/12/21,-0.001742
1,2022/12/22,-0.004556
1,2022/12/23,-0.002804
1,2022/12/26,0.006467
1,2022/12/27,0.009788
1,2022/12/28,-0.002639
1,2022/12/29,-0.004437
1,2022/12/30,0.005061
1,2023/1/3,0.008822
1,2023/1/4,0.002247
1,2023/1/5,0.010149
1,2023/1/6,0.000767
1,2023/1/9,0.005842
1,2023/1/10,-0.002071
1,2023/1/11,-0.00242
1,2023/1/12,0.00051
1,2023/1/13,0.01007
1,2023/1/16,0.010104
1,2023/1/17,-0.001037
1,2023/1/18,0.00005
1,2023/1/19,0.004923
1,2023/1/20,0.007572
1,2023/1/30,0.00138
1,2023/1/31,-0.004175
1,2023/2/1,0.008985
1,2023/2/2,0.000228
1,2023/2/3,-0.006776
1,2023/2/6,-0.007571
1,2023/2/7,0.002901
1,2023/2/8,-0.004922
1,2023/2/9,0.011843
1,2023/2/10,-0.002969
1,2023/2/13,0.007203
1,2023/2/14,0.002778
1,2023/2/15,-0.003884
1,2023/2/16,-0.009591
1,2023/2/17,-0.007696
1,2023/2/20,0.020569
1,2023/2/21,0.004919
1,2023/2/22,-0.00465
1,2023/2/23,-0.001115
1,2023/2/24,-0.00618
1,2023/2/27,-0.002793
1,2023/2/28,0.006621
1,2023/3/1,0.009984
1,2023/3/2,-0.000511
1,2023/3/3,0.005358
1,2023/3/6,-0.001913
1,2023/3/7,-0.011116
1,2023/3/8,-0.000563
1,2023/3/9,-0.002179
1,2023/3/10,-0.014046
1,2023/3/13,0.011956
1,2023/3/14,-0.007154
1,2023/3/15,0.005547
1,2023/3/16,-0.011162
1,2023/3/17,0.007331
1,2023/3/20,-0.00481
1,2023/3/21,0.006412
1,2023/3/22,0.003101
1,2023/3/23,0.0064
1,2023/3/24,-0.006388
1,2023/3/27,-0.004366
1,2023/3/28,-0.001852
1,2023/3/29,-0.001639
1,2023/3/30,0.006541
1,2023/3/31,0.00356
1,2023/4/3,0.007191
1,2023/4/4,0.004903
1,2023/4/6,0.000021
1,2023/4/7,0.004534
1,2023/4/10,-0.003693
1,2023/4/11,-0.000539
1,2023/4/12,0.004108
1,2023/4/13,-0.00265
1,2023/4/14,0.005963
1,2023/4/17,0.014217
1,2023/4/18,0.002281
1,2023/4/19,-0.006838
1,2023/4/20,-0.000919
1,2023/4/21,-0.019534
1,2023/4/24,-0.007829
1,2023/4/25,-0.003218
1,2023/4/26,-0.000236
1,2023/4/27,0.006674
1,2023/4/28,0.011379
1,2023/5/4,0.00818
1,2023/5/5,-0.004762
1,2023/5/8,0.018144
1,2023/5/9,-0.010996
1,2023/5/10,-0.011472
1,2023/5/11,-0.002892
1,2023/5/12,-0.011237
1,2023/5/15,0.011727
1,2023/5/16,-0.005965
1,2023/5/17,-0.002053
1,2023/5/18,0.003985
1,2023/5/19,-0.004179
1,2023/5/22,0.003937
1,2023/5/23,-0.015238
1,2023/5/24,-0.012781
1,2023/5/25,-0.001088
1,2023/5/26,0.003512
1,2023/5/29,0.002784
1,2023/5/30,0.000858
1,2023/5/31,-0.006094
1,2023/6/1,0.000022
1,2023/6/2,0.007937
1,2023/6/5,0.000734
1,2023/6/6,-0.011478
1,2023/6/7,0.000757
1,2023/6/8,0.004949
1,2023/6/9,0.005545
1,2023/6/12,-0.000796
1,2023/6/13,0.001499
1,2023/6/14,-0.001449
1,2023/6/15,0.007428
1,2023/6/16,0.006259
1,2023/6/19,-0.005355
1,2023/6/20,-0.004743
1,2023/6/21,-0.013105
1,2023/6/26,-0.014785
1,2023/6/27,0.012323
1,2023/6/28,-0.000021
1,2023/6/29,-0.002193
1,2023/6/30,0.006184
1,2023/7/3,0.013089
1,2023/7/4,0.000424
1,2023/7/5,-0.006903
1,2023/7/6,-0.00539
1,2023/7/7,-0.002797
1,2023/7/10,0.002217
1,2023/7/11,0.005516
1,2023/7/12,-0.007833
1,2023/7/13,0.012623
1,2023/7/14,0.000377
1,2023/7/17,-0.00867
1,2023/7/18,-0.00368
1,2023/7/19,0.000318
1,2023/7/20,-0.009164
1,2023/7/21,-0.000561
1,2023/7/24,-0.001131
1,2023/7/25,0.021288
1,2023/7/26,-0.002628
1,2023/7/27,-0.001972
1,2023/7/28,0.018421
1,2023/7/31,0.004614
1,2023/8/1,-0.000028
1,2023/8/2,-0.008891
1,2023/8/3,0.005756
1,2023/8/4,0.002323
1,2023/8/7,-0.005855
1,2023/8/8,-0.002512
1,2023/8/9,-0.004948
1,2023/8/10,0.003105
1,2023/8/11,-0.020068
1,2023/8/14,-0.003393
1,2023/8/15,-0.000708
1,2023/8/16,-0.008201
1,2023/8/17,0.004321
1,2023/8/18,-0.010047
1,2023/8/21,-0.012444
1,2023/8/22,0.008845
1,2023/8/23,-0.013438
1,2023/8/24,0.001248
1,2023/8/25,-0.005895
1,2023/8/28,0.011279
1,2023/8/29,0.012022
1,2023/8/30,0.000399
1,2023/8/31,-0.005502
1,2023/9/1,0.004286
1,2023/9/4,0.013983
1,2023/9/5,-0.007142
1,2023/9/6,0.001176
1,2023/9/7,-0.011312
1,2023/9/8,-0.001804
1,2023/9/11,0.008361
1,2023/9/12,-0.00182
1,2023/9/13,-0.00446
1,2023/9/14,0.001116
1,2023/9/15,-0.002817
1,2023/9/18,0.002627
1,2023/9/19,-0.000312
1,2023/9/20,-0.005245
1,2023/9/21,-0.007678
1,2023/9/22,0.015473
1,2023/9/25,-0.005371
1,2023/9/26,-0.00428
1,2023/9/27,0.001626
1,2023/9/28,0.001017
1,2023/10/9,-0.004357
1,2023/10/10,-0.007002
1,2023/10/11,0.00121
1,2023/10/12,0.009401
1,2023/10/13,-0.006372
1,2023/10/16,-0.004626
1,2023/10/17,0.00315
1,2023/10/18,-0.008038
1,2023/10/19,-0.017431
1,2023/10/20,-0.007431
1,2023/10/23,-0.014672
1,2023/10/24,0.007809
1,2023/10/25,0.004007
1,2023/10/26,0.004769
1,2023/10/27,0.009867
1,2023/10/30,0.001249
1,2023/10/31,-0.000921
1,2023/11/1,0.001426
1,2023/11/2,-0.004522
1,2023/11/3,0.007108
1,2023/11/6,0.009111
1,2023/11/7,-0.000373
1,2023/11/8,-0.001602
1,2023/11/9,0.000297
1,2023/11/10,-0.004686
1,2023/11/13,0.002489
1,2023/11/14,0.00313
1,2023/11/15,0.005486
1,2023/11/16,-0.00713
1,2023/11/17,0.001128
1,2023/11/20,0.004568
1,2023/11/21,-0.000126
1,2023/11/22,-0.007928
1,2023/11/23,0.005995
1,2023/11/24,-0.006821
1,2023/11/27,-0.003049
1,2023/11/28,0.002261
1,2023/11/29,-0.005551
1,2023/11/30,0.002643
1,2023/12/1,0.000648
1,2023/12/4,-0.002877
1,2023/12/5,-0.016745
1,2023/12/6,-0.001131
1,2023/12/7,-0.000919
1,2023/12/8,0.00113
1,2023/12/11,0.007368
1,2023/12/12,0.004011
1,2023/12/13,-0.011546
1,2023/12/14,-0.003293
1,2023/12/15,-0.005552
1,2023/12/18,-0.003994
1,2023/12/19,0.000541
1,2023/12/20,-0.010326
1,2023/12/21,0.005722
1,2023/12/22,-0.00135
1,2023/12/25,0.001385
1,2023/12/26,-0.006829
1,2023/12/27,0.005428
1,2023/12/28,0.013755
1,2023/12/29,0.006847
1,2024/1/2,-0.004255
1,2024/1/3,0.001678
1,2024/1/4,-0.004347
1,2024/1/5,-0.008518
1,2024/1/8,-0.014217
1,2024/1/9,0.001979
1,2024/1/10,-0.005374
1,2024/1/11,0.003109
1,2024/1/12,-0.001619
1,2024/1/15,0.001497
1,2024/1/16,0.002667
1,2024/1/17,-0.020862
1,2024/1/18,0.004295
1,2024/1/19,-0.004746
1,2024/1/22,-0.026812
1,2024/1/23,0.00531
1,2024/1/24,0.017971
1,2024/1/25,0.030253
1,2024/1/26,0.001416
1,2024/1/29,-0.009232
1,2024/1/30,-0.018322
1,2024/1/31,-0.014831
1,2024/2/1,-0.006386
1,2024/2/2,-0.014649
1,2024/2/5,-0.010244
1,2024/2/6,0.032308
1,2024/2/7,0.014415
1,2024/2/8,0.012795
1,2024/2/19,0.015577
1,2024/2/20,0.004187
1,2024/2/21,0.009657
1,2024/2/22,0.012675
1,2024/2/23,0.005529
1,2024/2/26,-0.009271
1,2024/2/27,0.012919
1,2024/2/28,-0.019111
1,2024/2/29,0.019379
1,2024/3/1,0.00393
1,2024/3/4,0.004059
1,2024/3/5,0.002792
1,2024/3/6,-0.00258
1,2024/3/7,-0.004122
1,2024/3/8,0.00615
1,2024/3/11,0.007366
1,2024/3/12,-0.00408
1,2024/3/13,-0.00396
1,2024/3/14,-0.00184
1,2024/3/15,0.005399
1,2024/3/18,0.009916
1,2024/3/19,-0.007187
1,2024/3/20,0.005528
1,2024/3/21,-0.000835
1,2024/3/22,-0.00945
1,2024/3/25,-0.007129
1,2024/3/26,0.00171
1,2024/3/27,-0.012648
1,2024/3/28,0.005855
1,2024/3/29,0.010132
1,2024/4/1,0.011907
1,2024/4/2,-0.000786
1,2024/4/3,-0.001842
1,2024/4/8,-0.007247
1,2024/4/9,0.000487
1,2024/4/10,-0.006955
1,2024/4/11,0.002283
1,2024/4/12,-0.004868
1,2024/4/15,0.012553
1,2024/4/16,-0.016455
1,2024/4/17,0.021387
1,2024/4/18,0.000926
1,2024/4/19,-0.002916
1,2024/4/22,-0.006742
1,2024/4/23,-0.007429
1,2024/4/24,0.007559
1,2024/4/25,0.002653
1,2024/4/26,0.011706
1,2024/4/29,0.007902
1,2024/4/30,-0.00264
1,2024/5/6,0.011561
1,2024/5/7,0.002235
1,2024/5/8,-0.006118
1,2024/5/9,0.00826
1,2024/5/10,0.000072
1,2024/5/13,-0.002069
1,2024/5/14,-0.000714
1,2024/5/15,-0.008224
1,2024/5/16,0.000801
1,2024/5/17,0.010128
1,2024/5/20,0.005428
1,2024/5/21,-0.004156
1,2024/5/22,0.000182
1,2024/5/23,-0.013346
1,2024/5/24,-0.008829
1,2024/5/27,0.011387
1,2024/5/28,-0.004632
1,2024/5/29,0.000465
1,2024/5/30,-0.006217
1,2024/5/31,-0.001574
1,2024/6/3,-0.002697
1,2024/6/4,0.004129
1,2024/6/5,-0.008345
1,2024/6/6,-0.005418
1,2024/6/7,0.000815
1,2024/6/11,-0.007615
1,2024/6/12,0.003112
1,2024/6/13,-0.002815
1,2024/6/14,0.001226
1,2024/6/17,-0.005521
1,2024/6/18,0.00476
1,2024/6/19,-0.004025
1,2024/6/20,-0.004179
1,2024/6/21,-0.002429
1,2024/6/24,-0.011687
1,2024/6/25,-0.004422
1,2024/6/26,0.007637
1,2024/6/27,-0.008973
1,2024/6/28,0.007316
1,2024/7/1,0.009209
1,2024/7/2,0.000762
1,2024/7/3,-0.004883
1,2024/7/4,-0.008319
1,2024/7/5,-0.002581
1,2024/7/8,-0.009316
1,2024/7/9,0.012634
1,2024/7/10,-0.006761
1,2024/7/11,0.010554
1,2024/7/12,0.000306
1,2024/7/15,0.000914
1,2024/7/16,0.000771
1,2024/7/17,-0.004519
1,2024/7/18,0.004819
1,2024/7/19,0.001739
1,2024/7/22,-0.006067
1,2024/7/23,-0.016479
1,2024/7/24,-0.004602
1,2024/7/25,-0.005241
1,2024/7/26,0.001439
1,2024/7/29,0.000328
1,2024/7/30,-0.004338
1,2024/7/31,0.020647
1,2024/8/1,-0.002165
1,2024/8/2,-0.009224
1,2024/8/5,-0.015365
1,2024/8/6,0.002302
1,2024/8/7,0.000889
1,2024/8/8,0.000023
1,2024/8/9,-0.002685
1,2024/8/12,-0.001394
1,2024/8/13,0.003408
1,2024/8/14,-0.006029
1,2024/8/15,0.009368
1,2024/8/16,0.00072
1,2024/8/19,0.004947
1,2024/8/20,-0.009335
1,2024/8/21,-0.003515
1,2024/8/22,-0.002735
1,2024/8/23,0.001964
1,2024/8/26,0.000404
1,2024/8/27,-0.002378
1,2024/8/28,-0.003967
1,2024/8/29,-0.005048
1,2024/8/30,0.006768
1,2024/9/2,-0.01097
1,2024/9/3,-0.002866
1,2024/9/4,-0.006672
1,2024/9/5,0.00145
1,2024/9/6,-0.008072
1,2024/9/9,-0.010601
1,2024/9/10,0.002815
1,2024/9/11,-0.008162
1,2024/9/12,-0.001717
1,2024/9/13,-0.004797
1,2024/9/18,0.004878
1,2024/9/19,0.006897
1,2024/9/20,0.000289
1,2024/9/23,0.004423
1,2024/9/24,0.041547
1,2024/9/25,0.011589
1,2024/9/26,0.036131
1,2024/9/27,0.02885
1,2024/9/30,0.080637
1,2024/10/8,0.04594
1,2024/10/9,-0.06617
1,2024/10/10,0.013216
1,2024/10/11,-0.025497
1,2024/10/14,0.020693
1,2024/10/15,-0.025281
1,2024/10/16,0.000517
1,2024/10/17,-0.010479
1,2024/10/18,0.029084
1,2024/10/21,0.002007
1,2024/10/22,0.005433
1,2024/10/23,0.005154
1,2024/10/24,-0.006825
1,2024/10/25,0.005925
1,2024/10/28,0.006818
1,2024/10/29,-0.010773
1,2024/10/30,-0.006137
1,2024/10/31,0.00416
1,2024/11/1,-0.002381
1,2024/11/4,0.011673
1,2024/11/5,0.023195
1,2024/11/6,-0.000939
1,2024/11/7,0.025668
1,2024/11/8,-0.005291
1,2024/11/11,0.005147
1,2024/11/12,-0.01386
1,2024/11/13,0.005058
1,2024/11/14,-0.017282
1,2024/11/15,-0.014531
1,2024/11/18,-0.002065
1,2024/11/19,0.006667
1,2024/11/20,0.006569
1,2024/11/21,0.000717
1,2024/11/22,-0.030623
1,2024/11/25,-0.00105
1,2024/11/26,-0.001226
1,2024/11/27,0.015345
1,2024/11/28,-0.004254
1,2024/11/29,0.009333
1,2024/12/2,0.011281
1,2024/12/3,0.004407
1,2024/12/4,-0.00419
1,2024/12/5,0.00125
1,2024/12/6,0.010455
1,2024/12/9,-0.000453
1,2024/12/10,0.005915
1,2024/12/11,0.002872
1,2024/12/12,0.008452
1,2024/12/13,-0.020113
1,2024/12/16,-0.001635
1,2024/12/17,-0.007337
1,2024/12/18,0.006165
1,2024/12/19,-0.0036
1,2024/12/20,-0.000583
1,2024/12/23,-0.004992
1,2024/12/24,0.012613
1,2024/12/25,-0.000052
1,2024/12/26,0.001393
1,2024/12/27,0.000608
1,2024/12/30,0.002113
1,2024/12/31,-0.016307
1,2025/1/2,-0.026613
1,2025/1/3,-0.015672
1,2025/1/6,-0.001403
1,2025/1/7,0.007085
1,2025/1/8,0.000162
1,2025/1/9,-0.005812
1,2025/1/10,-0.013349
1,2025/1/13,-0.002452
1,2025/1/14,0.025369
1,2025/1/15,-0.004265
1,2025/1/16,0.002763
1,2025/1/17,0.001789
1,2025/1/20,0.000789
1,2025/1/21,-0.000541
1,2025/1/22,-0.008943
1,2025/1/23,0.005147
1,2025/1/24,0.006954
1,2025/1/27,-0.000623
1,2025/2/5,-0.006495
1,2025/2/6,0.012748
1,2025/2/7,0.010092
1,2025/2/10,0.005601
1,2025/2/11,-0.001238
1,2025/2/12,0.008538
1,2025/2/13,-0.004154
1,2025/2/14,0.004273
1,2025/2/17,0.002721
1,2025/2/18,-0.009339
1,2025/2/19,0.008136
1,2025/2/20,-0.000226
1,2025/2/21,0.008455
1,2025/2/24,-0.001801
1,2025/2/25,-0.008001
1,2025/2/26,0.010213
1,2025/2/27,0.002322
1,2025/2/28,-0.019824
1,2025/3/3,-0.001196
1,2025/3/4,0.002196
1,2025/3/5,0.005341
1,2025/3/6,0.01171
1,2025/3/7,-0.002529
1,2025/3/10,-0.001893
1,2025/3/11,0.00406
1,2025/3/12,-0.002339
1,2025/3/13,-0.003913
1,2025/3/14,0.018112
1,2025/3/17,0.00192
1,2025/3/18,0.00106
1,2025/3/19,-0.000971
1,2025/3/20,-0.005102
1,2025/3/21,-0.012942
1,2025/3/24,0.001545
1,2025/3/25,-0.000015
1,2025/3/26,-0.00038
1,2025/3/27,0.0015
1,2025/3/28,-0.006652
1,2025/3/31,-0.004643
1,2025/4/1,0.003804
1,2025/4/2,0.000505
1,2025/4/3,-0.002423
1,2025/4/7,-0.073438
1,2025/4/8,0.015815
1,2025/4/9,0.013117
1,2025/4/10,0.011556
1,2025/4/11,0.004526
1,2025/4/14,0.007591
1,2025/4/15,0.001488
1,2025/4/16,0.002553
1,2025/4/17,0.001324
1,2025/4/18,-0.001101
1,2025/4/21,0.004487
1,2025/4/22,0.002529
1,2025/4/23,-0.001031
1,2025/4/24,0.000283
1,2025/4/25,-0.000676
1,2025/4/28,-0.002017
1,2025/4/29,-0.000535
1,2025/4/30,-0.00232
1,2025/5/6,0.011309
1,2025/5/7,0.008007
1,2025/5/8,0.002791
1,2025/5/9,-0.002982
1,2025/5/12,0.008153
1,2025/5/13,0.00167
1,2025/5/14,0.008616
1,2025/5/15,-0.006794
1,2025/5/16,-0.003951
1,2025/5/19,0.000036
1,2025/5/20,0.003829
1,2025/5/21,0.002099
1,2025/5/22,-0.00218
1,2025/5/23,-0.009413
1,2025/5/26,-0.000458
1,2025/5/27,-0.001838
1,2025/5/28,-0.000226
1,2025/5/29,0.00704
1,2025/5/30,-0.004745
1,2025/6/3,0.004328
1,2025/6/4,0.004232
1,2025/6/5,0.002339
1,2025/6/6,0.000372
1,2025/6/9,0.004258
1,2025/6/10,-0.004399
1,2025/6/11,0.00517
1,2025/6/12,0.000101
1,2025/6/13,-0.007542
1,2025/6/16,0.003474
1,2025/6/17,-0.000391
1,2025/6/18,0.000414
1,2025/6/19,-0.007879
1,2025/6/20,-0.000658
1,2025/6/23,0.006455
1,2025/6/24,0.011528
1,2025/6/25,0.010352
1,2025/6/26,-0.002176
1,2025/6/27,-0.007025
1,2025/6/30,0.005899
1,2025/7/1,0.003867
1,2025/7/2,-0.000855
1,2025/7/3,0.001841
1,2025/7/4,0.003227
1,2025/7/7,0.000233
1,2025/7/8,0.00701
1,2025/7/9,-0.001265
1,2025/7/10,0.004761
1,2025/7/11,0.000141
1,2025/7/14,0.002699
1,2025/7/15,-0.004163
1,2025/7/16,-0.000349
1,2025/7/17,0.003724
1,2025/7/18,0.005021
1,2025/7/21,0.00716
1,2025/7/22,0.0062
1,2025/7/23,0.000122
1,2025/7/24,0.00654
1,2025/7/25,-0.003348
1,2025/7/28,0.001192
1,2025/7/29,0.003272
1,2025/7/30,0.001664
1,2025/7/31,-0.011757
1,2025/8/1,-0.00371
1,2025/8/4,0.006561
1,2025/8/5,0.009569
1,2025/8/6,0.004533
1,2025/8/7,0.001561
1,2025/8/8,-0.001247
1,2025/8/11,0.003416
1,2025/8/12,0.005037
1,2025/8/13,0.004787
1,2025/8/14,-0.004621
1,2025/8/15,0.008272
1,2025/8/18,0.008455
1,2025/8/19,-0.000198
1,2025/8/20,0.010442
1,2025/8/21,0.001298
1,2025/8/22,0.014494
1,2025/8/25,0.015109
1,2025/8/26,-0.003909
1,2025/8/27,-0.017587
1,2025/8/28,0.01138
1,2025/8/29,0.003728
1,2025/9/1,0.004563
1,2025/9/2,-0.004489
1,2025/9/3,-0.011554
1,2025/9/4,-0.012503
1,2025/9/5,0.012384
1,2025/9/8,0.003758
1,2025/9/9,-0.005108
1,2025/9/10,0.001295
1,2025/9/11,0.016549
1,2025/9/12,-0.001216
1,2025/9/15,-0.002608
1,2025/9/16,0.000353
1,2025/9/17,0.003748
1,2025/9/18,-0.011528
1,2025/9/19,-0.003019
1,2025/9/22,0.002222
1,2025/9/23,-0.001761
1,2025/9/24,0.008323
1,2025/9/25,-0.000088
1,2025/9/26,-0.006539
1,2025/9/29,0.008993
1,2025/9/30,0.005241
1,2025/10/9,0.013185
1,2025/10/10,-0.009391
1,2025/10/13,-0.001931
1,2025/10/14,-0.006241
1,2025/10/15,0.012155
1,2025/10/16,0.001027
1,2025/10/17,-0.019527
1,2025/10/20,0.006286
1,2025/10/21,0.013572
1,2025/10/22,-0.000657
1,2025/10/23,0.002211
1,2025/10/24,0.007113
1,2025/10/27,0.011805
1,2025/10/28,-0.002182
1,2025/10/29,0.007047
1,2025/10/30,-0.007328
1,2025/10/31,-0.008054
1,2025/11/3,0.005495
1,2025/11/4,-0.004108
1,2025/11/5,0.002288
1,2025/11/6,0.009703
1,2025/11/7,-0.002546
1,2025/11/10,0.005263
1,2025/11/11,-0.003941
1,2025/11/12,-0.000654
1,2025/11/13,0.00734
1,2025/11/14,-0.009681
1,2025/11/17,-0.004625
1,2025/11/18,-0.008112
1,2025/11/19,0.001759
1,2025/11/20,-0.003976
1,2025/11/21,-0.024462
1,2025/11/24,0.000489
1,2025/11/25,0.008668
1,2025/11/26,-0.001509
1,2025/11/27,0.002866
1,2025/11/28,0.003442
1,2025/12/1,0.006534
1,2025/12/2,-0.004163
1,2025/12/3,-0.005057
1,2025/12/4,-0.000569
1,2025/12/5,0.00697
1,2025/12/8,0.00545
1,2025/12/9,-0.003709
1,2025/12/10,-0.002309
1,2025/12/11,-0.006968
1,2025/12/12,0.004138
1,2025/12/15,-0.005509
1,2025/12/16,-0.011145
1,2025/12/17,0.011887
1,2025/12/18,0.001574
1,2025/12/19,0.003631
1,2025/12/22,0.006918
1,2025/12/23,0.000668
1,2025/12/24,0.005349
1,2025/12/25,0.004738
1,2025/12/26,0.001025
1,2025/12/29,0.000404
1,2025/12/30,-0.000041
1,2025/12/31,0.000939
