,AGG,BKF,BLOK,DBA,DBC,DIA,DSI,EEM,EFA,EPP,ERTH,EWA,EWG,EWJ,EWT,EWU,EWY,EWZ,FAN,FXA,FXB,FXC,FXE,FXF,FXI,FXY,GDX,GLD,HACK,HYG,IBIT,IEF,IGE,IGF,INDA,IWM,IWN,LIT,LQD,MJ,MOO,ONEQ,PBD,PIO,PSP,QQQ,REMX,ROBO,SHY,SIL,SLV,SLX,SOCL,SPY,TAN,TLT,UDN,UNG,URA,USCI,USO,UUP,VGK,VNQ,VYM,XBI,XHB,XLB,XLC,XLE,XLF,XLI,XLK,XLP,XLRE,XLU,XLV,XLY,XME
AGG,1.0,0.08805196552319779,0.16937180183458345,-0.007543693561493599,-0.05037642310823627,0.07920928611060297,0.10398303067179,0.12761307086994883,0.14311618142346944,0.14356402752674993,0.1466714910500623,0.15884742429085866,0.14348563538746725,0.12523560575515608,0.11058433668166628,0.09182344536643613,0.14479564512049134,0.09782772374272608,0.21706269645885243,0.2471106310359164,0.237073396578947,0.15232438581800534,0.24223771115892762,0.27579710053814643,0.06250509308299035,0.4241787780492348,0.28510440104948076,0.2829016240864666,0.09026321237167384,0.34992896755835967,0.05666743346962363,0.8899564965553317,0.006981555116677876,0.21361603185093017,0.07284468125754051,0.12617131327501319,0.11134119748366679,0.11302119703582329,0.8610093850230907,0.08578402030262129,0.11506912836315501,0.1066639301139027,0.21093470859765212,0.1973045682662643,0.19821262348136087,0.10016323819057182,0.09140769006314692,0.17101896296598287,0.7092430972827773,0.2369540445249832,0.19195549811711887,0.03919593237737241,0.12333754779592161,0.09493039141832181,0.15010105456320352,0.8352703180538528,0.31034408234207345,0.0004739012161163032,0.035258215210730685,-0.012262807039624813,-0.09317338930550464,-0.30414499931742844,0.14657744456444768,0.28802013894516093,0.06769941208416139,0.12594186636674407,0.23928307290383188,0.09375944996327015,0.15598992864674024,-0.057216731888791734,-0.0163585368095201,0.06739915461285403,0.09086625545815884,0.14540982874939748,0.29216268776953164,0.23374721470784435,0.06688461421275389,0.15170362666987908,0.07160891885272219
BKF,0.08805196552319779,1.0,0.5346904958314547,0.2088981683473116,0.3332916049621612,0.6226523753882464,0.6523452591876858,0.9267566121578239,0.7448614765282364,0.7817328195477596,0.6061158375625774,0.6883335905720421,0.6718109515297105,0.6007729630521166,0.6689936877989543,0.6800036127032439,0.6499181303265589,0.6762706793667558,0.6270813463077216,0.5217727929430647,0.3067691675726518,0.4324568383662195,0.21839830974861027,0.09308644816828068,0.9088276285105081,-0.08722819061119619,0.26663916363304413,0.1636478823953233,0.5113455352739498,0.5582437094970367,0.2946657125601454,-0.09990030852431671,0.5480700687934198,0.635676112611123,0.6657776475414222,0.6176637459339935,0.5827550733610779,0.6809180502126441,0.19024640186723224,0.33172012501186826,0.6655402349415833,0.6431339444431277,0.6731673643206305,0.6427111072863424,0.6559037714233388,0.6278679341747309,0.6086718728875093,0.6844136762333939,-0.027477175558908943,0.3495753118991232,0.2868474025832664,0.6653589815424317,0.7190281021032778,0.6564128434271793,0.5517741611248529,-0.13333257718545571,0.24105473061998545,0.041443249306192,0.451572564226648,0.3239845165987644,0.2538033542419356,-0.2121659079235018,0.7092668835490086,0.46773948289070383,0.6073298026423891,0.46489947178636654,0.5081961803835211,0.6293588794028935,0.568926974107845,0.46167557907502244,0.5591772149583584,0.5905968631804893,0.5980698554127006,0.42321055146360703,0.43909378599761123,0.30727052668124966,0.4908043013494794,0.6072445654104943,0.550902810495179
BLOK,0.16937180183458345,0.5346904958314547,1.0,0.14521580893836056,0.18781892750896684,0.5738958984916406,0.6732012144714077,0.6096312270757325,0.6067521218114409,0.569877155276605,0.592106011135537,0.550756303860915,0.5738896983284523,0.5592989692989185,0.554809360118276,0.4887782279351653,0.5406470859674274,0.4004452545260951,0.5648387782228075,0.44133127133205735,0.3040562037419963,0.3611408730456726,0.2339957456020794,0.10640758195922571,0.4352137827719491,0.006418038259685762,0.2575377209453966,0.16168512847808345,0.5896468091352521,0.5284920531575668,0.7358806784754217,0.01865518009161409,0.4151709979451963,0.4765843848780573,0.4150409442792052,0.6929406610104369,0.6029962706477834,0.5809696496882292,0.26557836904107857,0.37211476315806796,0.5237810840200444,0.7191059765308252,0.6630291087459379,0.5696120544836076,0.6511905355956642,0.6918582135393678,0.548071151592745,0.7193633173915799,0.025377576636753742,0.3393461086425158,0.2760430179987067,0.5177888547585229,0.6290217095960948,0.663106039271358,0.5484552118515106,0.0012662632615949862,0.24332356115956089,0.018798670223682687,0.500079225968699,0.20424627329329417,0.10027083238942731,-0.2254906171910932,0.5833651211300682,0.44257843812086023,0.5286301756189407,0.5874064088971559,0.5135757482993881,0.5338998366499492,0.5740336959879264,0.3098122852700444,0.5124407375237509,0.5556543856869107,0.6658453255231339,0.283963178298593,0.4183365519862521,0.2701276885573613,0.38382409843541193,0.6831111735221904,0.534488492887682
DBA,-0.007543693561493599,0.2088981683473116,0.14521580893836056,1.0,0.4569437877666117,0.19741863229873485,0.19548921854649873,0.2324200282985864,0.2358071276758776,0.24532532068075033,0.1610200610113156,0.2458291650809577,0.22017289051315705,0.17099764042767465,0.19209256523420407,0.2370692701463213,0.19973466878322402,0.27054983828596396,0.19209179495749915,0.2493529282595079,0.15822443979626202,0.24560487522618119,0.1353863398381862,0.07858346848266838,0.16342605522602305,-0.005963769181308313,0.1417493889371883,0.13192015784339317,0.16586555403757383,0.16500683104467437,0.08475970291694164,-0.07957016776271014,0.27690367292028434,0.2195410649730629,0.16270168885817618,0.18932326130676322,0.19230182630289674,0.18546315413435568,0.03318460410400041,0.12501915539618652,0.2858041104030082,0.17858583003024348,0.1963753102416147,0.18867191581167478,0.21349968288740234,0.17012578400132397,0.20485941093829013,0.1894951637736601,-0.03556727439708036,0.18536360292991186,0.1922251748539842,0.2790670430979748,0.15532709759924315,0.19997340412086273,0.14171890606403836,-0.09993633435940079,0.1878192014763892,0.09803942985278347,0.20761512779213764,0.5836307284004587,0.2502079787471693,-0.08875738619047788,0.23947583693849075,0.15407853625888332,0.201448435924733,0.09308637328111756,0.14499120509891017,0.23312995033677414,0.1869793316704705,0.25225201098880273,0.18189904897421916,0.19910006604594616,0.1713609875774337,0.10752477696505157,0.145864276848072,0.09025745181403151,0.11218272523914358,0.17046892352652632,0.2436161094740318
DBC,-0.05037642310823627,0.3332916049621612,0.18781892750896684,0.4569437877666117,1.0,0.30201477326414716,0.29195751323039815,0.3440996447423326,0.33496194337554647,0.37604264702841944,0.2312823881765935,0.3781360049714935,0.27284094150103055,0.2421714548762468,0.2534589272481459,0.37978185875040116,0.24134937766069575,0.3580454844789739,0.2755014488452531,0.3458520480162445,0.20769566382114674,0.44108767108772456,0.14411924249001445,0.07407507553738657,0.2682443522974223,-0.06046516248949974,0.28175444758973006,0.2703946609080166,0.23654083080740645,0.3050953179068353,0.07532544240546207,-0.15801094405814015,0.6562622777683885,0.3707263388290026,0.2082908384427704,0.30423781747346335,0.32240705858029645,0.3049848947022822,0.022883605566204765,0.15615186791321983,0.42809798535933663,0.25720161812625997,0.2899507694443498,0.2643466043051046,0.30053508866088374,0.24228572302303453,0.3316471494070148,0.26641804200553176,-0.08051977722076809,0.32509621702156355,0.34266048285863315,0.4481168351873295,0.22148652661906498,0.3115437849217011,0.2391819324438402,-0.18942338322269883,0.20412422768701388,0.2363889777185528,0.3333450919921925,0.8189808672510195,0.853142723596955,-0.11953699630134346,0.32883275113821914,0.20117042625187784,0.34543898741382123,0.15013085121782985,0.17810222989820412,0.363669612488739,0.2251380596409365,0.6335757738663391,0.2793704547295883,0.3010148506969892,0.24681083070031867,0.1578068816488026,0.1845485184973992,0.14360723718063065,0.1776181488931369,0.2201683970655227,0.45473329897650994
DIA,0.07920928611060297,0.6226523753882464,0.5738958984916406,0.19741863229873485,0.30201477326414716,1.0,0.9252667703209686,0.7000644311250741,0.8194685794981934,0.7662383713786785,0.5724509097641713,0.7625848810352461,0.754302979766016,0.683334229254275,0.6047719736225462,0.7694872643925937,0.5864167562867021,0.5594965481543792,0.6433933979527164,0.4048906901246946,0.2488405526664914,0.3703225534410927,0.10208492334323067,-0.021995898173770973,0.5022564910370291,-0.2051771888910183,0.16982775824205792,0.050499409164561686,0.652431178745662,0.7119795932251535,0.3740554455996543,-0.17226610769445413,0.6889186163952045,0.7811608066849047,0.6025360821614315,0.8401457206185577,0.8335234139885089,0.6027459858530955,0.23441453234160117,0.3399936357340438,0.8014687442673919,0.8288446014129741,0.6512994773243128,0.8140119867276074,0.7801752470650737,0.8103159934204519,0.5399332738834185,0.7973744857514642,-0.07111836286374018,0.24344637958148677,0.19530959938961875,0.6868238266265821,0.591760980192984,0.9478877891026513,0.4922410267367589,-0.21069586906066293,0.12427885085808177,0.05426368891992474,0.4631882980762174,0.2852869109338365,0.2609960039663338,-0.08060669622119784,0.7944771925374947,0.7089831181539501,0.9453956613977854,0.5559652000629794,0.74378806270404,0.8476644599360974,0.7633918409001567,0.6400856293818044,0.8894983160326997,0.9165323843273236,0.8079671621732096,0.7157524320956657,0.6980112473505863,0.5630567151267692,0.7874168451561014,0.8311806529274124,0.6186127656436448
DSI,0.10398303067179,0.6523452591876858,0.6732012144714077,0.19548921854649873,0.29195751323039815,0.9252667703209686,1.0,0.7410833868540311,0.8222149857421052,0.7684525710791535,0.6491044837137574,0.7574592519845981,0.7563661289988233,0.7029942440946594,0.6691175272349981,0.7361435572041706,0.6347148360602685,0.5407650829610032,0.670244169336325,0.4270690119034935,0.2622201962089143,0.3697114803804903,0.11577655652752665,-0.009420739396732887,0.535066209162455,-0.1863176915015421,0.19481593277044576,0.07475416536042066,0.7539239826564142,0.7330867625796967,0.44625342773916665,-0.1328957649877058,0.6420527715460518,0.7477857361597152,0.6017275583452489,0.8563519691312474,0.8063365457306139,0.6440904155534255,0.25820416541494123,0.36447437853968695,0.7665431823845896,0.9427684353060685,0.7091481819626537,0.8177150143604496,0.8015102020770126,0.9306600758490551,0.5624786993001555,0.8666614927626296,-0.04588872438698558,0.2762832757185242,0.21850645089940612,0.6588950899258784,0.6902049708039312,0.9829236031947431,0.5486490998522343,-0.1700061437973603,0.13473834360645243,0.06139581518847745,0.5088801537670611,0.2773587857063454,0.23867188464517,-0.10224125611325603,0.7900552696094703,0.6907859923243884,0.8853105718128118,0.620355760889275,0.7374187956501396,0.8091337702662518,0.8416045099156926,0.5654782979941954,0.8118903503248253,0.8619943604035759,0.9213762835036662,0.6476837280722436,0.6803483790204361,0.521514673694152,0.753499101542889,0.8881058620629475,0.6092602069027765
EEM,0.12761307086994883,0.9267566121578239,0.6096312270757325,0.2324200282985864,0.3440996447423326,0.7000644311250741,0.7410833868540311,1.0,0.8255785315900881,0.837019976575159,0.634924491651664,0.7639559386609942,0.7433981562584293,0.6932450724968228,0.8247795979322443,0.7419532593182374,0.836556022616837,0.6922331647774222,0.6931504734721609,0.5807608420112441,0.3521994375900454,0.47386668120800646,0.2634947096168813,0.12142179158534347,0.8172690559103919,-0.059885660824366416,0.32057689388097294,0.21801946658386698,0.5597898589877845,0.6188448080123465,0.35467253094736406,-0.07490957196281524,0.6008936701088439,0.7064898958167332,0.7007020091114338,0.6885161133378191,0.650028478662409,0.7132876980318992,0.23753065474830976,0.3483273393222251,0.7146551328373144,0.7209826608936095,0.7323763674135934,0.7160675726812976,0.7154284654611085,0.7144628841800269,0.6452257741964058,0.7908960947855305,0.0017471521085222867,0.4091622242906061,0.3456297730226974,0.7138505870258524,0.7066649663715272,0.7421292686465454,0.5782053102881122,-0.11785473354373387,0.2892558052721454,0.03449100573483322,0.5236252889007531,0.33772199771595496,0.2517105273317567,-0.256551119448401,0.7840176417580932,0.5257432915833183,0.682496675869119,0.48939766409845775,0.5806073841617029,0.6914872194629068,0.6058071821179682,0.4996577412467097,0.6098064774008414,0.6785149641804633,0.7056512821694437,0.4549071067757124,0.4932521857802189,0.36890740645574216,0.5268882956144364,0.6669918678312814,0.6188687770938074
EFA,0.14311618142346944,0.7448614765282364,0.6067521218114409,0.2358071276758776,0.33496194337554647,0.8194685794981934,0.8222149857421052,0.8255785315900881,1.0,0.880895631558389,0.660821577732671,0.8519996945606916,0.9284878045501159,0.8361143826529738,0.6967002241152248,0.9230493603709004,0.6973225872751267,0.6119684128661884,0.7697565342355281,0.5761696011730058,0.4525043110170622,0.494491004185013,0.3508717867813448,0.1741149082255985,0.6254907511882517,-0.06694672448356097,0.2904845433227275,0.1849253062616272,0.6077802819198181,0.7015195802189991,0.33562737363023976,-0.09572055496459145,0.6656921439116219,0.835413293797615,0.6454848180779491,0.7759081889295264,0.7582167477682377,0.6679170971892089,0.27028577382891655,0.3500472623758725,0.8052352633099629,0.7586804854761217,0.7365902604633568,0.8440368500175619,0.8337709869445322,0.7407845102550458,0.6168392190335422,0.8485497658209874,0.00850586771106203,0.3811401353098729,0.31625749364337763,0.7163048464628338,0.6374227759438186,0.835244518806011,0.5525431800073529,-0.15303904598448984,0.36409074125882035,0.04565092903144148,0.523789335490838,0.3269955196118033,0.252770301801857,-0.3332497930555023,0.9651931839666188,0.6373285674665118,0.8088863762314271,0.5342601745213024,0.6768446411615188,0.7943830580301905,0.6932862147701231,0.5719666346439554,0.7553833485533571,0.7931078877871361,0.7253274261091252,0.5901921313674273,0.6248548131699944,0.4701173486247376,0.6555203007830852,0.7435170668449483,0.6305829964180877
EPP,0.14356402752674993,0.7817328195477596,0.569877155276605,0.24532532068075033,0.37604264702841944,0.7662383713786785,0.7684525710791535,0.837019976575159,0.880895631558389,1.0,0.5984858377168347,0.9671090975189273,0.772174048165918,0.7020950075604154,0.7015342571486268,0.8250122672862811,0.6915703781475343,0.6307990298954451,0.6956203833388771,0.6621851462588298,0.3877628825000745,0.515090297103869,0.27070095982699754,0.13870581577356209,0.688931950056838,-0.030621326067553818,0.31335669084358514,0.21708144730878265,0.5648596706096728,0.6700538736646373,0.35481010307893074,-0.07275624909544019,0.667731003773062,0.7995754302527566,0.631355951949472,0.7265428841819771,0.7164881567905454,0.6639903203615881,0.27348707614472517,0.33146993953834525,0.7747468148601095,0.7100440747865607,0.6933111400320097,0.754419972762967,0.7471808642416765,0.6903622092492927,0.6310507405760368,0.7643098605343234,0.02066431126198903,0.3875235870775408,0.33608800038682746,0.7221739739733636,0.6297098178331616,0.7785883552873314,0.5429405465109315,-0.1330213603779437,0.3066294367467271,0.05171054651063381,0.5125620301042023,0.3785239710722641,0.28957767119343064,-0.2750699388167602,0.8201881431361184,0.619394127109398,0.7662276790450862,0.49361561858688646,0.6153837502874208,0.7486884642115254,0.6630189061139138,0.578545623125276,0.6975230091720358,0.7372633082740735,0.6783084784699724,0.5542791113527301,0.6192004218816979,0.464918715066372,0.599350996880099,0.6925940902309753,0.6427702318542775
ERTH,0.1466714910500623,0.6061158375625774,0.592106011135537,0.1610200610113156,0.2312823881765935,0.5724509097641713,0.6491044837137574,0.634924491651664,0.660821577732671,0.5984858377168347,1.0,0.551003593184476,0.6474224062401985,0.5472092753559569,0.5487714719517646,0.5628057752298453,0.5267184285213699,0.3893583941408374,0.6634733177681907,0.46380412345898775,0.32350577271514663,0.3815289249751494,0.26736166890261376,0.12508132465830865,0.5527389292203372,-0.01689522200204018,0.2065069263110203,0.12699120754627716,0.5083357955130967,0.5212707119067522,0.39076642869750844,0.014372939747433821,0.45971144956315296,0.5371920794674657,0.40086704265817374,0.7045317513845983,0.6514279265116395,0.6340120014529694,0.20012944870896193,0.3120190208331262,0.6233240429840816,0.6635498723496511,0.7560740415484252,0.6509788098984179,0.6515635842210012,0.6312576233040246,0.5687256483909477,0.7221919491486716,0.04752043058433384,0.30557149950131984,0.23683656679301096,0.5569419570525588,0.5966559440180591,0.6414472513195564,0.6619837520734931,-0.020814741708097377,0.27172524406432413,0.037748301191608664,0.4246449579285604,0.21506154414161732,0.14177891843255078,-0.2819415076297186,0.6571193539814408,0.4564011769066768,0.5766944142505815,0.5220696508031838,0.5685133431322695,0.6178359933828477,0.4989701833233182,0.3620606646225564,0.5228455832452189,0.5978818182932449,0.6014773152450098,0.3675291703977499,0.4246543144392773,0.2904832832368874,0.43823897106344756,0.6521311683938152,0.5318947743836817
EWA,0.15884742429085866,0.6883335905720421,0.550756303860915,0.2458291650809577,0.3781360049714935,0.7625848810352461,0.7574592519845981,0.7639559386609942,0.8519996945606916,0.9671090975189273,0.551003593184476,1.0,0.7461387350848493,0.6700719158988251,0.6488797043200982,0.8097222253386063,0.6469314411352061,0.6161278124310956,0.6698058922213365,0.6610795213187425,0.3830117057649857,0.5143373261222944,0.26331477204881487,0.13571673201309759,0.5735372803182078,-0.020932658574751472,0.3241647876556738,0.21946153846475522,0.5576562491076297,0.669377676137075,0.35475547517668243,-0.06274025516818457,0.6681524759512958,0.7922192615271764,0.6042662094692325,0.7153171054716773,0.7123773165016101,0.6170396508959476,0.2789136870329855,0.32758252194770077,0.756589461188766,0.689608874487739,0.6578405607715614,0.7350149309357482,0.728214628105857,0.6700720969811439,0.5960784061333171,0.7295997088753277,0.029774299271426902,0.3853262637787039,0.32966959161250664,0.7087997398425429,0.5723452684072975,0.7676393638531199,0.5086359265542283,-0.12349215463241081,0.30240989441051025,0.05763708382424566,0.5074576918839013,0.38012916153802173,0.30062442822925,-0.2669670530372559,0.7970017608510512,0.628511411057865,0.7616366566750027,0.4730235859257847,0.6053442071507643,0.7376819503297141,0.6583218307661779,0.5824772850299146,0.6963780226674453,0.7285221168408412,0.6638132313040145,0.5527955535273859,0.6338404536175136,0.48125215166506147,0.5931528903868271,0.6761186409741452,0.6416492853897153
EWG,0.14348563538746725,0.6718109515297105,0.5738896983284523,0.22017289051315705,0.27284094150103055,0.754302979766016,0.7563661289988233,0.7433981562584293,0.9284878045501159,0.772174048165918,0.6474224062401985,0.7461387350848493,1.0,0.6907315480258093,0.6174623754038002,0.8416950007055707,0.6256885697547875,0.5397568767151335,0.733838864857208,0.5164448414981959,0.4387191033946378,0.4593324720831973,0.40682086069327084,0.1887119335889846,0.5612526383432358,-0.055037331309858266,0.2531474653709469,0.16052961468513743,0.5613676505725294,0.655762865829973,0.3162216112008525,-0.08587126413302736,0.577123517963929,0.7643150951605451,0.5862400513289926,0.720456175706907,0.7009579298016089,0.6081512350258187,0.2728757734249023,0.3312362757182159,0.7393023506257576,0.702116119938495,0.6912757008645487,0.7899311723068242,0.7920764231449033,0.6848447401244453,0.5546681015949789,0.7924175877964788,0.0035367920858516404,0.3418904223721151,0.2880922519381811,0.6437520188732269,0.588923067979833,0.7660489464818344,0.5094252445639137,-0.13633081025550056,0.3986785212181993,0.029971717057214572,0.45837537136126816,0.26754520487868655,0.19735593874910048,-0.3715859697453441,0.9426284691533915,0.5791247255140111,0.7312023792833504,0.4888990554948771,0.6399601564595657,0.733282214553722,0.6536250511166836,0.4902086048416706,0.7026766939054683,0.7316763705064995,0.669113744549346,0.5335644460517108,0.5675682348107763,0.40585008897470787,0.5886283559447637,0.698603093835188,0.5571432000916104
EWJ,0.12523560575515608,0.6007729630521166,0.5592989692989185,0.17099764042767465,0.2421714548762468,0.683334229254275,0.7029942440946594,0.6932450724968228,0.8361143826529738,0.7020950075604154,0.5472092753559569,0.6700719158988251,0.6907315480258093,1.0,0.6302064256237003,0.6825485327995431,0.6263724394458767,0.48207987949369197,0.6067199617611861,0.4438329181181969,0.29231332361982965,0.3366358710206648,0.1764129832457759,0.06024759116153096,0.5064707522783216,-0.08061179702098092,0.21776199332664437,0.14241102559121233,0.5512592959769558,0.5581485440473348,0.3016558036289464,-0.06356069050206047,0.5307511123082957,0.6446226604906172,0.5252435369830091,0.6603613391061159,0.633139594037279,0.565221004912989,0.21770698604112068,0.30688669216539977,0.6512705272411338,0.6646764719924158,0.6106912108524067,0.6919635153889147,0.67227008698554,0.6554295394816702,0.5151539988557148,0.7892275968481424,0.014720505698872914,0.3023796808782228,0.2456324627871896,0.5723353636918381,0.5539719984953598,0.7126712885375566,0.4569797611477341,-0.1069006240079079,0.19618199813668227,0.03971186247182472,0.45675582364426187,0.23800835177350915,0.16100825165189786,-0.17769024955730733,0.7199199233273724,0.5132387255209424,0.6726917543450446,0.4581012932254315,0.5720045901153393,0.6419432073685185,0.6014611282455777,0.4506068917091646,0.6172108926172407,0.66341150226495,0.6438764593923532,0.47181440545994857,0.5036738694674753,0.3797841981054077,0.5360337552444495,0.6403829149409423,0.5136970286742792
EWT,0.11058433668166628,0.6689936877989543,0.554809360118276,0.19209256523420407,0.2534589272481459,0.6047719736225462,0.6691175272349981,0.8247795979322443,0.6967002241152248,0.7015342571486268,0.5487714719517646,0.6488797043200982,0.6174623754038002,0.6302064256237003,1.0,0.6061403553273768,0.7657580649200199,0.5096298626953998,0.5847641050673709,0.47907297977832497,0.28363426931497354,0.35985448776959894,0.19721753690497942,0.08898165061726895,0.5870541640869738,-0.06369319046172499,0.24447763222944077,0.17096597568303834,0.5186420663166247,0.5061009924401888,0.31898602194645076,-0.06202002875981628,0.47947347354184733,0.571887319676026,0.5447800779133235,0.602687030468582,0.554643757249298,0.6002627596839549,0.21356831997222187,0.2849313579615385,0.5751732433512815,0.6683713309801791,0.6465658762454599,0.6028562561226778,0.6172722335004909,0.6674204600671579,0.5421889133374577,0.7311468595856215,-0.01130046843324724,0.3251626107628455,0.28238973844829807,0.5702680865029389,0.5632325703948581,0.6639127145698283,0.48715122326622384,-0.08425015864770845,0.21811994066039456,0.007305361064018329,0.4739198059045436,0.2580822404889346,0.17202367130710497,-0.1944599204487468,0.6459886870946617,0.4309845484910679,0.5791264843757368,0.41944807311934174,0.5125283976237617,0.5676980721689557,0.5130419121809444,0.3903011298356198,0.505551028436163,0.5887303661400227,0.6783971246058299,0.3507811833750377,0.40420060220517984,0.29385886211679824,0.43007761564232844,0.6022771606811379,0.5154024929491755
EWU,0.09182344536643613,0.6800036127032439,0.4887782279351653,0.2370692701463213,0.37978185875040116,0.7694872643925937,0.7361435572041706,0.7419532593182374,0.9230493603709004,0.8250122672862811,0.5628057752298453,0.8097222253386063,0.8416950007055707,0.6825485327995431,0.6061403553273768,1.0,0.6021114599358347,0.5928962405413151,0.691762122441949,0.5388009435533503,0.5140584674397461,0.5029035081430854,0.30372690963248883,0.14710094433766835,0.5614704546513614,-0.07555555126425618,0.28889352565131315,0.17174233128625124,0.5271799153809112,0.6564841696963277,0.2860870842284927,-0.13439351140906397,0.6989918862756285,0.8174528638190537,0.6078603813685161,0.704429892657931,0.7141209584018219,0.5970791630959087,0.21643685002506066,0.31289901500182266,0.7668524389186943,0.6463647505145521,0.6362123495926842,0.7755663739471745,0.7687401483216332,0.6238639738098187,0.5580362391149346,0.7137729795816975,-0.019671419406188762,0.3716065532776509,0.3027957272634664,0.7034357071215406,0.5394389649841475,0.75341499415589,0.47850981895645817,-0.1901015114903105,0.337506974423403,0.05350918944581753,0.4893112279810225,0.35977704613813843,0.3134987466916677,-0.3085480829810579,0.9173942470787414,0.6045240766022216,0.7771903910872553,0.46185090578329774,0.6039237657130869,0.7557123201387246,0.6017880320784389,0.624898997160812,0.7296239458105411,0.7405568496138059,0.6105166293550893,0.5695547949551469,0.5918070875484978,0.46722286907583466,0.6247996013151859,0.6470880230484143,0.6183966624817658
EWY,0.14479564512049134,0.6499181303265589,0.5406470859674274,0.19973466878322402,0.24134937766069575,0.5864167562867021,0.6347148360602685,0.836556022616837,0.6973225872751267,0.6915703781475343,0.5267184285213699,0.6469314411352061,0.6256885697547875,0.6263724394458767,0.7657580649200199,0.6021114599358347,1.0,0.5098725000359391,0.6001337109203334,0.5135056615223701,0.32571405846399154,0.3899783148222888,0.26288760251810145,0.14183815566307886,0.5614200696740986,0.00965896947301504,0.2847444535195961,0.2268386243923119,0.4479337071883282,0.5232460552612528,0.3014635708172153,-0.01618789080450866,0.4719591662396656,0.5822352753750699,0.5387700384098786,0.5851428566852078,0.5430325577187691,0.613770209239396,0.2438143930876181,0.27641017140579816,0.5744023942930179,0.6185469803785315,0.6363679169915627,0.6055337046130811,0.5981745310897832,0.6245388997856356,0.5489783856722091,0.7140379612704982,0.05130579602488514,0.3605284394771232,0.33235841217660167,0.5833686643681271,0.5555777917694337,0.6307391386510175,0.47341278499947526,-0.06031403994789857,0.2884066902186306,0.019071572600659673,0.48964076865698763,0.2536626100050227,0.13759192679450546,-0.26193924786162476,0.6561260556722114,0.4335504254679953,0.5648479788544605,0.3954044820176367,0.506400147892273,0.5730905107279212,0.46418610664697857,0.3790256115208878,0.4820243799881445,0.5884011689177373,0.6423753284557926,0.34227960007503,0.4101085603644471,0.32204816142144427,0.4139616887514523,0.5571874120236937,0.5270115495752273
EWZ,0.09782772374272608,0.6762706793667558,0.4004452545260951,0.27054983828596396,0.3580454844789739,0.5594965481543792,0.5407650829610032,0.6922331647774222,0.6119684128661884,0.6307990298954451,0.3893583941408374,0.6161278124310956,0.5397568767151335,0.48207987949369197,0.5096298626953998,0.5928962405413151,0.5098725000359391,1.0,0.5002203152407566,0.4380298090884912,0.24987806437274765,0.41289567372862596,0.19641408918155426,0.0880836717129727,0.4631073642979562,-0.03603878797052413,0.2523941128320689,0.15228424638572394,0.3744548851354511,0.5014517221862836,0.2568518882864803,-0.07520607687158985,0.5601737032854867,0.614081766084804,0.5291824975336787,0.5256884353616906,0.5395321376354181,0.4901485430751255,0.19164392270366942,0.28642110076877975,0.5984870158516349,0.481756668738373,0.5009658319002733,0.5543139817043449,0.5198423605355417,0.4646506989319787,0.45832382166298835,0.5075266178922349,-0.017457940686980557,0.3188775969182682,0.2582044650492495,0.661896239583742,0.42046663306805077,0.5490798113185038,0.39071786362513705,-0.11045261633331233,0.221731574714046,0.05529685281042539,0.38397376036759423,0.343204939618753,0.2877873694705534,-0.18130065548875862,0.5849144530571013,0.4535753785487201,0.5680958862847884,0.31838175006523506,0.42900665599413507,0.5595508573139358,0.4646397535955638,0.5015948409202329,0.5245879161662885,0.5414184851975249,0.45754789831861264,0.41099807185724446,0.433901132336384,0.3543941110437428,0.40513054898091805,0.47291500771104866,0.5273623896586476
FAN,0.21706269645885243,0.6270813463077216,0.5648387782228075,0.19209179495749915,0.2755014488452531,0.6433933979527164,0.670244169336325,0.6931504734721609,0.7697565342355281,0.6956203833388771,0.6634733177681907,0.6698058922213365,0.733838864857208,0.6067199617611861,0.5847641050673709,0.691762122441949,0.6001337109203334,0.5002203152407566,1.0,0.49297742829077296,0.3787761275293595,0.4297880091354492,0.3451714291987021,0.1868535046966384,0.5302866727652199,0.007912353966192493,0.29553889711843423,0.19213646571501736,0.5021991340419817,0.610298551304345,0.28388724169577195,0.0242407504248392,0.5250395049503035,0.7315391790528433,0.5245735251747979,0.6604974273230716,0.6271814445065449,0.6290582114876765,0.3113300462031491,0.33810938729949963,0.6749020954239154,0.6337181725247115,0.8012752335874421,0.7285608354943153,0.6929602546775666,0.6126983505774993,0.5668371962152647,0.728705670609621,0.07279205470349251,0.36125220674368025,0.29478257252876483,0.5772231851865043,0.5525537972217069,0.6755253036356517,0.6491578907791581,-0.03550161768342082,0.3593393147499252,0.03138983540310408,0.4532990612343756,0.2917451570651183,0.1955898165227459,-0.33250820690041283,0.775548261863256,0.5685735796080563,0.647399450287398,0.4776900761426364,0.5732870644828014,0.6510081126248517,0.5217130734492078,0.43293286256379165,0.5745509040352126,0.6509607183327724,0.6016076151740473,0.47804280531107657,0.576191375590478,0.48282776803943683,0.5188224673603725,0.6095778158244722,0.5257252772815741
FXA,0.2471106310359164,0.5217727929430647,0.44133127133205735,0.2493529282595079,0.3458520480162445,0.4048906901246946,0.4270690119034935,0.5807608420112441,0.5761696011730058,0.6621851462588298,0.46380412345898775,0.6610795213187425,0.5164448414981959,0.4438329181181969,0.47907297977832497,0.5388009435533503,0.5135056615223701,0.4380298090884912,0.49297742829077296,1.0,0.5647544302135598,0.6697009982783317,0.5424769392280683,0.40381340022892814,0.4511591860078398,0.29975679287733015,0.43372949077117373,0.39412561754473274,0.32507778601107035,0.448707486284903,0.26152123053772924,0.13850167265980715,0.45187375111815375,0.533511955730657,0.3812876935520151,0.4331658012395903,0.42304958403537524,0.4638784415527932,0.28323885487637157,0.24224357458080104,0.5133254224099203,0.400756064290087,0.478193101286604,0.4947353801579257,0.5061994618034003,0.38510188122582134,0.46405460269439386,0.4866628305296443,0.20055455432422928,0.4842535317989,0.43459415514803756,0.5238963791829058,0.40489650029880375,0.43034106515424836,0.3594053456511318,0.05916499806771613,0.5943240628205477,0.07242758791500868,0.4127317525676346,0.36648517386541857,0.1949836655277005,-0.5820989944853634,0.5589645136884056,0.3844110019674271,0.4155561445883041,0.28696107162441664,0.36609492314111053,0.4768495082835613,0.3858502331370507,0.34774936068793744,0.34834058542523466,0.4067178895790998,0.37406610496445636,0.2891509889046016,0.39180884347708284,0.2671906381972905,0.2966362139424326,0.3943253197488588,0.5117510649581193
FXB,0.237073396578947,0.3067691675726518,0.3040562037419963,0.15822443979626202,0.20769566382114674,0.2488405526664914,0.2622201962089143,0.3521994375900454,0.4525043110170622,0.3877628825000745,0.32350577271514663,0.3830117057649857,0.4387191033946378,0.29231332361982965,0.28363426931497354,0.5140584674397461,0.32571405846399154,0.24987806437274765,0.3787761275293595,0.5647544302135598,1.0,0.4928747624591661,0.6300846197017,0.4507080623509001,0.26077235109065544,0.29455680697874337,0.31049108507018075,0.29119140400568505,0.20838688240946923,0.33255969292045606,0.1847333036380211,0.15681246148577982,0.2721014117129126,0.392236943206856,0.23883075804576043,0.2756271184674403,0.27324257752057457,0.2937131098328385,0.23314573027378885,0.14356276304690002,0.34702207104660243,0.23819660293115105,0.33623540837507,0.3805069413935003,0.4131659439833529,0.22391059643294844,0.29321729571990635,0.33885191897660166,0.2193428538556018,0.34889604624957354,0.31205960081025136,0.31613639354221157,0.24814787971632993,0.26300068697318785,0.21580678579880394,0.07818578123026854,0.6981513986260398,0.04639016420472009,0.2545923628709578,0.2132440059889078,0.1107660606920251,-0.6884180857347663,0.491260540910543,0.26376410168699854,0.2555435751018861,0.18618858200890515,0.2676990419861867,0.31399279298008326,0.2422341859332984,0.19511795241435337,0.23069232282786123,0.25390497502286147,0.213973704529949,0.1961671517584518,0.2647656257268227,0.17880113819868929,0.1858648554815528,0.252528904759847,0.3132732101414345
FXC,0.15232438581800534,0.4324568383662195,0.3611408730456726,0.24560487522618119,0.44108767108772456,0.3703225534410927,0.3697114803804903,0.47386668120800646,0.494491004185013,0.515090297103869,0.3815289249751494,0.5143373261222944,0.4593324720831973,0.3366358710206648,0.35985448776959894,0.5029035081430854,0.3899783148222888,0.41289567372862596,0.4297880091354492,0.6697009982783317,0.4928747624591661,1.0,0.4744490772943767,0.34931153314086605,0.3457538198753422,0.20046149549178477,0.36958592189313283,0.2969672361422735,0.28396360425689876,0.40785306670203925,0.12649950492644346,0.05722325707385132,0.5071861315151307,0.5030524659792975,0.3285897744734208,0.38358257240210336,0.3894557525944833,0.38938886694436053,0.19596178148633697,0.22566403258677742,0.4728028366438855,0.32944169622708336,0.41243495718884343,0.42788397058478095,0.4536875485046779,0.31020816824468683,0.3956216333402535,0.3871929157332837,0.13663293049130695,0.41807772691331957,0.34493863831216587,0.48161876675959625,0.3235403167417506,0.3794181923917955,0.3058523383437915,-0.024042634813504073,0.5462141331403706,0.08151750612593066,0.39341877177694057,0.3663996647831421,0.35299610130474357,-0.5278223779251612,0.5046160424815356,0.335573970594481,0.39054356581174826,0.23039543451487426,0.3175938827570977,0.44339198729002927,0.3438278670020321,0.41938077840596916,0.33886714162254494,0.37333704735176937,0.29938548884555444,0.27247701515412087,0.3417562315566978,0.2322527775189133,0.2647278050878678,0.3327178347778372,0.46524217808195883
FXE,0.24223771115892762,0.21839830974861027,0.2339957456020794,0.1353863398381862,0.14411924249001445,0.10208492334323067,0.11577655652752665,0.2634947096168813,0.3508717867813448,0.27070095982699754,0.26736166890261376,0.26331477204881487,0.40682086069327084,0.1764129832457759,0.19721753690497942,0.30372690963248883,0.26288760251810145,0.19641408918155426,0.3451714291987021,0.5424769392280683,0.6300846197017,0.4744490772943767,1.0,0.679757384543123,0.179575017221224,0.4123832541019349,0.3453689933076885,0.37267400119728494,0.044871221129996815,0.2067021036638102,0.09195013672262951,0.2159332753907826,0.14095967673886672,0.2944698106811095,0.1435429047921143,0.13833671717909463,0.13515295709533948,0.210421896524548,0.23858056164376376,0.10796685983203679,0.23038868405999882,0.10892865053794325,0.2614526334963926,0.26826289399146863,0.2727248740909932,0.09991176211356959,0.22195243997482764,0.20438032141309603,0.26102999300798235,0.37034407890433513,0.3348303738043613,0.21273264177653092,0.15594073636872577,0.11902219824714728,0.15127536282691512,0.12518818351623381,0.9140879854358074,0.024686018413254948,0.18223078759018768,0.16233101062461994,0.030138881084931013,-0.9036837062380197,0.40527203655883687,0.15659954299579043,0.10936512840321962,0.08975223592211912,0.15916575750235865,0.19104733085759196,0.13220578764308108,0.05687957661487302,0.07798365668391712,0.11853637684427643,0.09515468320095014,0.12457328504606975,0.15618574366095425,0.11435990583166386,0.07126365196949559,0.1215818877310864,0.22861262965886678
FXF,0.27579710053814643,0.09308644816828068,0.10640758195922571,0.07858346848266838,0.07407507553738657,-0.021995898173770973,-0.009420739396732887,0.12142179158534347,0.1741149082255985,0.13870581577356209,0.12508132465830865,0.13571673201309759,0.1887119335889846,0.06024759116153096,0.08898165061726895,0.14710094433766835,0.14183815566307886,0.0880836717129727,0.1868535046966384,0.40381340022892814,0.4507080623509001,0.34931153314086605,0.679757384543123,1.0,0.07735650031489613,0.4591481273176591,0.3205144091152392,0.3778706353652811,-0.04483296366426827,0.09719110588234871,-0.0068429170737387595,0.29474337544803714,0.03366033844091939,0.15666687589650752,0.06769896732899548,0.004137153646116242,0.002648298439245131,0.09715596703267919,0.23274116298133035,0.03420177167171873,0.09369428254030678,-0.01410540001768087,0.12648322248723773,0.12189494969315715,0.10846741259126144,-0.015460458308635142,0.11223194038789178,0.058795706129783326,0.3059460512893531,0.30898741927977735,0.28422760678333875,0.0814429814533782,0.04240451399443242,-0.013933628549517608,0.05435065065593116,0.20909563982723778,0.6830596023963124,0.016691314394687698,0.09161136111505482,0.10023530448165564,-0.02322023361363687,-0.676591748587851,0.21130485037636992,0.07409671959446582,-0.015932069178178434,0.0009039729820038271,0.028872334974628842,0.06296785360811576,0.012204814125704474,-0.03767058919012562,-0.05449232420191727,-0.009092572970912855,-0.020160817048537054,0.0493995803748221,0.09115903541616054,0.07912938503574542,-0.014096068937662487,-0.0028478189344061495,0.12167651820820174
FXI,0.06250509308299035,0.9088276285105081,0.4352137827719491,0.16342605522602305,0.2682443522974223,0.5022564910370291,0.535066209162455,0.8172690559103919,0.6254907511882517,0.688931950056838,0.5527389292203372,0.5735372803182078,0.5612526383432358,0.5064707522783216,0.5870541640869738,0.5614704546513614,0.5614200696740986,0.4631073642979562,0.5302866727652199,0.4511591860078398,0.26077235109065544,0.3457538198753422,0.179575017221224,0.07735650031489613,1.0,-0.07628799569629031,0.20507556342849106,0.12650179562619018,0.41391306672053213,0.44579567206368625,0.22275627915545307,-0.0881913497882177,0.4321943078779579,0.5137852578794557,0.4766858380365848,0.5065309489751263,0.47307276485922967,0.6139229269015755,0.15016907706479496,0.26648823966369795,0.5580810182473872,0.5364387575063053,0.588845632245927,0.5254539066331574,0.5442285903335708,0.5223654038327906,0.5457134651741663,0.5793455978416738,-0.024462643654977224,0.272482034399351,0.2354755657793246,0.5327818984909303,0.6748786117455783,0.5357785877544089,0.48450687605560017,-0.11079036769110338,0.19714643466700443,0.035409463275603036,0.3679082564214652,0.27711755360589746,0.19014217221876947,-0.17623931504117915,0.592226729927266,0.37188159424572925,0.49106662226391334,0.3964575067577747,0.4121733490435667,0.5147279244563074,0.46099767700687394,0.3612608805178757,0.44798410646851194,0.4748750090574602,0.4930166522612652,0.33868828153537345,0.34842807645837004,0.23066080254828863,0.4037601980988417,0.5065862144231255,0.44155011389387283
FXY,0.4241787780492348,-0.08722819061119619,0.006418038259685762,-0.005963769181308313,-0.06046516248949974,-0.2051771888910183,-0.1863176915015421,-0.059885660824366416,-0.06694672448356097,-0.030621326067553818,-0.01689522200204018,-0.020932658574751472,-0.055037331309858266,-0.08061179702098092,-0.06369319046172499,-0.07555555126425618,0.00965896947301504,-0.03603878797052413,0.007912353966192493,0.29975679287733015,0.29455680697874337,0.20046149549178477,0.4123832541019349,0.4591481273176591,-0.07628799569629031,1.0,0.2865819194435855,0.36513868905999064,-0.15517610935258278,-0.015176426693718227,-0.015918414989846613,0.5213300883365289,-0.13695686631713636,-0.026286575003346968,-0.11267693928827634,-0.15269684455576155,-0.15302921059921767,-0.0483779501439777,0.33284033840853866,-0.012998521074222795,-0.09695722654797446,-0.17319562825418525,-0.029071001873193208,-0.05273701280546227,-0.08023065804453058,-0.16897157327509538,-0.02879820460830879,-0.08511581901805786,0.4371040542612774,0.24051945342900333,0.21848137838197398,-0.0905399132223481,-0.0721588123148501,-0.20038013269725027,-0.038469493054812405,0.4305356433272178,0.5321229653053339,-0.041116823817260624,-0.04342514667964091,-0.030446198836261946,-0.13847277784939707,-0.5392651598893959,-0.05691684554887577,-0.007702730081031016,-0.18719210098634337,-0.09207635888790136,-0.07263277490918915,-0.12914699948455205,-0.09172227291875618,-0.1889610636815174,-0.2617219256892028,-0.19060589963763244,-0.17130722463184284,-0.0697664689383718,0.030560737021013525,0.03339357061387803,-0.15896075128368423,-0.15217203292105108,-0.028640660961603878
GDX,0.28510440104948076,0.26663916363304413,0.2575377209453966,0.1417493889371883,0.28175444758973006,0.16982775824205792,0.19481593277044576,0.32057689388097294,0.2904845433227275,0.31335669084358514,0.2065069263110203,0.3241647876556738,0.2531474653709469,0.21776199332664437,0.24447763222944077,0.28889352565131315,0.2847444535195961,0.2523941128320689,0.29553889711843423,0.43372949077117373,0.31049108507018075,0.36958592189313283,0.3453689933076885,0.3205144091152392,0.20507556342849106,0.2865819194435855,1.0,0.7740974005281253,0.156721975363361,0.22025680558870356,0.22703855042461163,0.23901309295656956,0.3695708366856164,0.2998650602016285,0.19691519005860106,0.20884850494649904,0.194659260752208,0.2660856061655386,0.2526576846448313,0.16901901809247466,0.26211982723249516,0.19004881631218687,0.26877735014018506,0.26113323979957437,0.24466167792150553,0.18636688433357546,0.31529691572916885,0.24371577064353742,0.23532844789090637,0.9255897563430563,0.6922641052101625,0.3315903242550937,0.20810394073790642,0.1980438403561578,0.2315517716101181,0.180138797385151,0.3873334923086543,0.02056941713884639,0.3618707097133982,0.3137758411158813,0.13026416218406914,-0.3978444115259632,0.2895871081188378,0.2061036653014332,0.18453562253749228,0.16079606266861024,0.1825825346528189,0.3190705584284429,0.1812574907819761,0.18505235422852132,0.0831283784060844,0.17506857265982823,0.18398852562378873,0.13613132645458156,0.19471054985822914,0.21802459515792216,0.12969682192767315,0.15433901422786359,0.5421755664618858
GLD,0.2829016240864666,0.1636478823953233,0.16168512847808345,0.13192015784339317,0.2703946609080166,0.050499409164561686,0.07475416536042066,0.21801946658386698,0.1849253062616272,0.21708144730878265,0.12699120754627716,0.21946153846475522,0.16052961468513743,0.14241102559121233,0.17096597568303834,0.17174233128625124,0.2268386243923119,0.15228424638572394,0.19213646571501736,0.39412561754473274,0.29119140400568505,0.2969672361422735,0.37267400119728494,0.3778706353652811,0.12650179562619018,0.36513868905999064,0.7740974005281253,1.0,0.05628620660015889,0.12590831146696957,0.18474736743340003,0.29518324932432877,0.21840868207886857,0.1934550487473758,0.11235288258769618,0.08518684083711886,0.06884886785973099,0.17402510352403672,0.26293610142987583,0.09836665863294003,0.14074472302839414,0.08346155987197726,0.1761158791720962,0.15062805919824276,0.11715784858964118,0.0828428641160435,0.23927232974675114,0.1317421796398188,0.2877293938619914,0.744410018616739,0.794977322039553,0.177930966327904,0.11086159698160909,0.07347550896122086,0.1406509216628656,0.22238023033032192,0.4076134263505864,0.01801210984976777,0.27583841502066503,0.3237811491813489,0.08024730355064,-0.40782161694527497,0.1776911898697573,0.1252192465870933,0.06299284066939849,0.06564756472240234,0.09087901169735128,0.1706184568016267,0.09521535622372572,0.06661509362405667,-0.03784082262714507,0.053883442321093766,0.08702697520730691,0.061320986774764094,0.12183842300918042,0.15639737768316386,0.039575767874241476,0.04410724849159776,0.35460607502436753
HACK,0.09026321237167384,0.5113455352739498,0.5896468091352521,0.16586555403757383,0.23654083080740645,0.652431178745662,0.7539239826564142,0.5597898589877845,0.6077802819198181,0.5648596706096728,0.5083357955130967,0.5576562491076297,0.5613676505725294,0.5512592959769558,0.5186420663166247,0.5271799153809112,0.4479337071883282,0.3744548851354511,0.5021991340419817,0.32507778601107035,0.20838688240946923,0.28396360425689876,0.044871221129996815,-0.04483296366426827,0.41391306672053213,-0.15517610935258278,0.156721975363361,0.05628620660015889,1.0,0.5641539344528693,0.32776789014018737,-0.08563054211377696,0.4560918373728783,0.4941668243760623,0.45964726973161196,0.699652725716598,0.6021904011515272,0.4981887916089675,0.21245843975006254,0.3129850047458436,0.5397731442030851,0.7913521345617505,0.5625804406965681,0.5931415103545673,0.643840870784244,0.7721957049798335,0.4235335485705606,0.7079881572472795,-0.030407481293835227,0.21661686902660027,0.16632475487917509,0.4774157068238282,0.643334792540078,0.7426800874759865,0.48507198032708265,-0.09591699910176137,0.06942356120253644,0.04027482555765168,0.44145582890527507,0.23615133960315965,0.19658357701833465,-0.0439889204182365,0.5823337239843456,0.4706578000370267,0.5963611266550223,0.5847764438870612,0.5380073471677156,0.5524213767789548,0.6796535941267875,0.38846969731032904,0.558141797232243,0.5960437113824254,0.7622909426580352,0.3478523167632531,0.4568813597065055,0.2727546188904505,0.5379301767280131,0.6881165115221529,0.4685721615023447
HYG,0.34992896755835967,0.5582437094970367,0.5284920531575668,0.16500683104467437,0.3050953179068353,0.7119795932251535,0.7330867625796967,0.6188448080123465,0.7015195802189991,0.6700538736646373,0.5212707119067522,0.669377676137075,0.655762865829973,0.5581485440473348,0.5061009924401888,0.6564841696963277,0.5232460552612528,0.5014517221862836,0.610298551304345,0.448707486284903,0.33255969292045606,0.40785306670203925,0.2067021036638102,0.09719110588234871,0.44579567206368625,-0.015176426693718227,0.22025680558870356,0.12590831146696957,0.5641539344528693,1.0,0.3588628648575115,0.11287232937757548,0.5706521357619363,0.7072461619737234,0.5247980447035704,0.7030503333610022,0.6869453058300558,0.5435245509633232,0.5130436791960702,0.312608276840146,0.6568410887820405,0.6844300080134638,0.6194164202174909,0.7043329824114691,0.7067448798800101,0.6588461630343848,0.47443966408472404,0.6908708983825204,0.18931332986980062,0.2806098123812345,0.21797467590203762,0.5713521734690652,0.5248346828002896,0.7429896782924045,0.4778392158480928,0.03310184572017039,0.24813687952583924,0.05490323881814557,0.39955839288138995,0.2643903561936331,0.25034514182213263,-0.2096398329341541,0.6945347935454186,0.6637228531443404,0.7112671168794796,0.48906577878967683,0.648727886910402,0.6763044273545885,0.656775793447205,0.504482282213429,0.6530086408736331,0.687426573035615,0.6438644502438091,0.5327237149849453,0.6711621973319765,0.5097304715998211,0.5740264526206977,0.681317415111329,0.522894105923478
IBIT,0.05666743346962363,0.2946657125601454,0.7358806784754217,0.08475970291694164,0.07532544240546207,0.3740554455996543,0.44625342773916665,0.35467253094736406,0.33562737363023976,0.35481010307893074,0.39076642869750844,0.35475547517668243,0.3162216112008525,0.3016558036289464,0.31898602194645076,0.2860870842284927,0.3014635708172153,0.2568518882864803,0.28388724169577195,0.26152123053772924,0.1847333036380211,0.12649950492644346,0.09195013672262951,-0.0068429170737387595,0.22275627915545307,-0.015918414989846613,0.22703855042461163,0.18474736743340003,0.32776789014018737,0.3588628648575115,1.0,-0.012091131470413227,0.2619250694862456,0.23635190486436528,0.21231632415281712,0.4704606686090565,0.43077630073670675,0.3122337065738088,0.12807632885311493,0.14904325968002488,0.2280481200047032,0.4622653716554751,0.3450866373010729,0.3326695246197944,0.42744925924529314,0.4437317499368312,0.27810234543557943,0.4041035772481411,0.007738894590303339,0.259410316285809,0.23514349747579696,0.35986989783946094,0.3689595990588943,0.43613258052230297,0.23445505439961464,-0.0007781181524863033,0.09178117284264505,-0.0018613638343102949,0.3628299750522651,0.11053815994291487,-0.023812845395554054,-0.06334160704272306,0.3218242113969213,0.22497338149609328,0.3445858190009449,0.32224211197612956,0.23701761268818614,0.27505140048161825,0.33885433177345514,0.1307316480589023,0.34117174987959037,0.3458442362915338,0.40990186023712366,0.015720807108871818,0.20280452699189086,0.1149855107088336,0.12211953352606231,0.4189846131093436,0.3743699617913146
IEF,0.8899564965553317,-0.09990030852431671,0.01865518009161409,-0.07957016776271014,-0.15801094405814015,-0.17226610769445413,-0.1328957649877058,-0.07490957196281524,-0.09572055496459145,-0.07275624909544019,0.014372939747433821,-0.06274025516818457,-0.08587126413302736,-0.06356069050206047,-0.06202002875981628,-0.13439351140906397,-0.01618789080450866,-0.07520607687158985,0.0242407504248392,0.13850167265980715,0.15681246148577982,0.05722325707385132,0.2159332753907826,0.29474337544803714,-0.0881913497882177,0.5213300883365289,0.23901309295656956,0.29518324932432877,-0.08563054211377696,0.11287232937757548,-0.012091131470413227,1.0,-0.19672483653038167,-0.008691210167083494,-0.1010969803509623,-0.10714045597812794,-0.1268063722774999,-0.060523324810348375,0.7387183728174859,-0.01931977702941586,-0.11379360884201034,-0.112461613589779,0.010628006840486866,-0.020032548790627,-0.04455880581841914,-0.10751683322459044,-0.05075270960490519,-0.04418848104138935,0.7463613520795962,0.18587757795128027,0.15753508416478518,-0.15930916259215486,-0.04970773868890192,-0.1507872093612242,-0.00242550415362285,0.9187278031624418,0.2785953360069315,-0.02688979429490005,-0.09276445695900158,-0.11317855075761225,-0.20463053271116166,-0.2937882232756856,-0.09302482012076814,0.10711397475953077,-0.167684874299864,-0.02889834504465632,0.030077386046876455,-0.1288105599011596,-0.046761115768346205,-0.24867921507266563,-0.26242374809590124,-0.16975963064396624,-0.11586256589505194,-0.017218292758373603,0.12514630689907774,0.11803458286504151,-0.10952025329793125,-0.07629815933834416,-0.09719199591875605
IGE,0.006981555116677876,0.5480700687934198,0.4151709979451963,0.27690367292028434,0.6562622777683885,0.6889186163952045,0.6420527715460518,0.6008936701088439,0.6656921439116219,0.667731003773062,0.45971144956315296,0.6681524759512958,0.577123517963929,0.5307511123082957,0.47947347354184733,0.6989918862756285,0.4719591662396656,0.5601737032854867,0.5250395049503035,0.45187375111815375,0.2721014117129126,0.5071861315151307,0.14095967673886672,0.03366033844091939,0.4321943078779579,-0.13695686631713636,0.3695708366856164,0.21840868207886857,0.4560918373728783,0.5706521357619363,0.2619250694862456,-0.19672483653038167,1.0,0.7075510166633593,0.4712338838894445,0.6830488853473785,0.7170400798161558,0.5351257503008899,0.11434182580567487,0.3171434627809341,0.7310375675716743,0.5450238495503977,0.541613776238488,0.5923728930777382,0.6102377007394999,0.5102587173343737,0.5194418460229071,0.5824207657112124,-0.09208134716606724,0.4288013551571736,0.33181801396148164,0.7338437631317886,0.42878853418510265,0.6712789269239979,0.4453939386010755,-0.23415745958670064,0.17774271034213046,0.14388357413622654,0.5294784621959354,0.5623356719482859,0.605672162946071,-0.14978922133117367,0.643466731878264,0.5021558529006765,0.7436755486569341,0.39812637777775733,0.5189289770026999,0.7434635119016837,0.49631013273511787,0.9531924806941326,0.6699343969858716,0.692162370486663,0.5110845001207494,0.42298438825711393,0.47020310980128827,0.383206072096878,0.4935527587214906,0.5356703793157039,0.7431111756311914
IGF,0.21361603185093017,0.635676112611123,0.4765843848780573,0.2195410649730629,0.3707263388290026,0.7811608066849047,0.7477857361597152,0.7064898958167332,0.835413293797615,0.7995754302527566,0.5371920794674657,0.7922192615271764,0.7643150951605451,0.6446226604906172,0.571887319676026,0.8174528638190537,0.5822352753750699,0.614081766084804,0.7315391790528433,0.533511955730657,0.392236943206856,0.5030524659792975,0.2944698106811095,0.15666687589650752,0.5137852578794557,-0.026286575003346968,0.2998650602016285,0.1934550487473758,0.4941668243760623,0.7072461619737234,0.23635190486436528,-0.008691210167083494,0.7075510166633593,1.0,0.6070530218313956,0.7194898642972897,0.7345530532749692,0.5728726118263673,0.33291966663642536,0.31676910805675335,0.7684536351460366,0.6364632370667445,0.6587916748228082,0.7828337237199465,0.7206177639150516,0.6159538081650541,0.5172405610371731,0.677210275074762,0.061298225232909995,0.35910353475830814,0.2823598053807479,0.6355211746653743,0.5006998219730558,0.7652744879479748,0.4971600781554537,-0.07213996015400166,0.3266629390542201,0.08468299688141934,0.45618298950706926,0.35141295555743335,0.3019005378318514,-0.2873785774762946,0.8202248281363458,0.7445012119604989,0.8261978837065723,0.45539132349560163,0.6290403732828738,0.7505659719798619,0.5872112368939568,0.6409738324921377,0.7147800480697609,0.7539211255346089,0.605319913366078,0.6717577071876238,0.7400036302809653,0.7336968020146106,0.6409689961465234,0.6501505069316954,0.5815836264869904
INDA,0.07284468125754051,0.6657776475414222,0.4150409442792052,0.16270168885817618,0.2082908384427704,0.6025360821614315,0.6017275583452489,0.7007020091114338,0.6454848180779491,0.631355951949472,0.40086704265817374,0.6042662094692325,0.5862400513289926,0.5252435369830091,0.5447800779133235,0.6078603813685161,0.5387700384098786,0.5291824975336787,0.5245735251747979,0.3812876935520151,0.23883075804576043,0.3285897744734208,0.1435429047921143,0.06769896732899548,0.4766858380365848,-0.11267693928827634,0.19691519005860106,0.11235288258769618,0.45964726973161196,0.5247980447035704,0.21231632415281712,-0.1010969803509623,0.4712338838894445,0.6070530218313956,1.0,0.5462032967982772,0.5387967224970522,0.4571123224748978,0.17800102652131664,0.2644386352618901,0.5676502741120308,0.5461488870209695,0.5129450103308655,0.5769204744567799,0.5751358958834598,0.5327745161737905,0.4105030392862751,0.5745499464965068,-0.014366158159094904,0.2598813333258913,0.20149469622594673,0.5289501695509735,0.46698764499780177,0.6059451473830542,0.39864221311035575,-0.13787570002905392,0.17093541017451394,0.022239998242723075,0.3775080500636523,0.2067941697627914,0.15369375735470275,-0.11980320761586517,0.6293677203950894,0.4954497890522723,0.5978092356169638,0.3723291655656373,0.4795403959342628,0.5709258553686328,0.5177747994860505,0.4202168616024211,0.5708247384269667,0.5628092470798892,0.521834337478536,0.4468657003988403,0.49323441262856144,0.37711186732321306,0.5015605739842313,0.5286784512514349,0.4426200774161788
IWM,0.12617131327501319,0.6176637459339935,0.6929406610104369,0.18932326130676322,0.30423781747346335,0.8401457206185577,0.8563519691312474,0.6885161133378191,0.7759081889295264,0.7265428841819771,0.7045317513845983,0.7153171054716773,0.720456175706907,0.6603613391061159,0.602687030468582,0.704429892657931,0.5851428566852078,0.5256884353616906,0.6604974273230716,0.4331658012395903,0.2756271184674403,0.38358257240210336,0.13833671717909463,0.004137153646116242,0.5065309489751263,-0.15269684455576155,0.20884850494649904,0.08518684083711886,0.699652725716598,0.7030503333610022,0.4704606686090565,-0.10714045597812794,0.6830488853473785,0.7194898642972897,0.5462032967982772,1.0,0.9707005682457662,0.6584081690352336,0.2583027361363763,0.4112861398470946,0.7814787264219274,0.8243077223173139,0.7544751533567727,0.7730825183932345,0.7976196042092617,0.7703670621698581,0.5951617548073448,0.8553743238030357,-0.029111234005877548,0.296742813322017,0.2307277869826784,0.7074850663844346,0.6482877242911224,0.8629264635689918,0.6112677200694355,-0.1438549318460984,0.15834907069211654,0.047660457702813554,0.5109576343865125,0.28645218618640744,0.24104876883985596,-0.13363619080533848,0.7528597062712437,0.7014255561532355,0.8419675705106348,0.7171280687396947,0.8005265175777463,0.8068909221663126,0.7050562632442737,0.608889462607522,0.8104299577821135,0.8511352360313741,0.7504272436824853,0.5348450329382106,0.6580144103541714,0.44868733606951544,0.6539445816261151,0.820458293739276,0.7011681932658833
IWN,0.11134119748366679,0.5827550733610779,0.6029962706477834,0.19230182630289674,0.32240705858029645,0.8335234139885089,0.8063365457306139,0.650028478662409,0.7582167477682377,0.7164881567905454,0.6514279265116395,0.7123773165016101,0.7009579298016089,0.633139594037279,0.554643757249298,0.7141209584018219,0.5430325577187691,0.5395321376354181,0.6271814445065449,0.42304958403537524,0.27324257752057457,0.3894557525944833,0.13515295709533948,0.002648298439245131,0.47307276485922967,-0.15302921059921767,0.194659260752208,0.06884886785973099,0.6021904011515272,0.6869453058300558,0.43077630073670675,-0.1268063722774999,0.7170400798161558,0.7345530532749692,0.5387967224970522,0.9707005682457662,1.0,0.6216225698416464,0.23489316184341527,0.3844004483168717,0.7835032578759078,0.7356448664461781,0.6997560723538047,0.7511198167518983,0.7710281236689758,0.6774506629217292,0.5677893793336525,0.7899003990215695,-0.039194341828516596,0.27412160248073963,0.21334316539194928,0.728920690183474,0.5649402469257272,0.8206016414758357,0.5529145263786733,-0.16718164775013106,0.15679450794866956,0.05588644232304822,0.47173451538032823,0.2965725047805444,0.2693600330687512,-0.12672595821301483,0.7385858514844541,0.7218120441017623,0.8603263710056395,0.6100035141819974,0.7828321826529718,0.8121111189733521,0.6469883119150995,0.6623787671371272,0.8437045016732622,0.8528709425428872,0.665693768965007,0.5542233351943426,0.6693895120644445,0.4756019073199033,0.6147634207731848,0.7673650732693875,0.7123960710200026
LIT,0.11302119703582329,0.6809180502126441,0.5809696496882292,0.18546315413435568,0.3049848947022822,0.6027459858530955,0.6440904155534255,0.7132876980318992,0.6679170971892089,0.6639903203615881,0.6340120014529694,0.6170396508959476,0.6081512350258187,0.565221004912989,0.6002627596839549,0.5970791630959087,0.613770209239396,0.4901485430751255,0.6290582114876765,0.4638784415527932,0.2937131098328385,0.38938886694436053,0.210421896524548,0.09715596703267919,0.6139229269015755,-0.0483779501439777,0.2660856061655386,0.17402510352403672,0.4981887916089675,0.5435245509633232,0.3122337065738088,-0.060523324810348375,0.5351257503008899,0.5728726118263673,0.4571123224748978,0.6584081690352336,0.6216225698416464,1.0,0.22042080961824154,0.35006555612162643,0.6552165345782909,0.638871936882485,0.7373769887383995,0.6157881087947239,0.6366868889609896,0.6159671999963515,0.7821979324679468,0.7203094494395597,-0.021430934150485793,0.34818093135317213,0.3078734582512156,0.6220305241801691,0.5935790861910364,0.6419421554725258,0.6004291511652606,-0.09026075921604934,0.23370490919682152,0.07310444532469465,0.46930227460818835,0.3137384995544643,0.21375508944502739,-0.22117021373776788,0.6424891451796587,0.4711468216358233,0.5893982073610063,0.4693740419477425,0.546280822442936,0.6575272764754898,0.49069731462860794,0.4446318789964244,0.5339702605727141,0.6070139375938948,0.6056302281901101,0.3639060927196623,0.4483818766999146,0.3005234578542764,0.43479905962284,0.6251380659586131,0.5843545427419348
LQD,0.8610093850230907,0.19024640186723224,0.26557836904107857,0.03318460410400041,0.022883605566204765,0.23441453234160117,0.25820416541494123,0.23753065474830976,0.27028577382891655,0.27348707614472517,0.20012944870896193,0.2789136870329855,0.2728757734249023,0.21770698604112068,0.21356831997222187,0.21643685002506066,0.2438143930876181,0.19164392270366942,0.3113300462031491,0.28323885487637157,0.23314573027378885,0.19596178148633697,0.23858056164376376,0.23274116298133035,0.15016907706479496,0.33284033840853866,0.2526576846448313,0.26293610142987583,0.21245843975006254,0.5130436791960702,0.12807632885311493,0.7387183728174859,0.11434182580567487,0.33291966663642536,0.17800102652131664,0.2583027361363763,0.23489316184341527,0.22042080961824154,1.0,0.13834834947893646,0.22876510244123818,0.25389474665341266,0.3169469041145157,0.30923069938614023,0.3107826874839928,0.24207077161908147,0.1702844963669263,0.2975938267352079,0.5390061068642933,0.2425081449437694,0.20887560947343292,0.1505472555857454,0.2184526233594958,0.25546854609563113,0.22152303556503788,0.7103808913178241,0.3039511478886933,0.00874263005264223,0.10774786167949063,0.045438282871869067,-0.04675860731956673,-0.2743062564023499,0.27096028414329393,0.39527413979938886,0.2227718139180867,0.19946433092156346,0.34058613258170223,0.2173221015690288,0.29657745620138254,0.04895220388784645,0.135985509860959,0.21487530143191377,0.23735046726056752,0.23849942648568442,0.40438477965955477,0.32127524004878083,0.18530197318091585,0.2800894978656213,0.1631689830522625
MJ,0.08578402030262129,0.33172012501186826,0.37211476315806796,0.12501915539618652,0.15615186791321983,0.3399936357340438,0.36447437853968695,0.3483273393222251,0.3500472623758725,0.33146993953834525,0.3120190208331262,0.32758252194770077,0.3312362757182159,0.30688669216539977,0.2849313579615385,0.31289901500182266,0.27641017140579816,0.28642110076877975,0.33810938729949963,0.24224357458080104,0.14356276304690002,0.22566403258677742,0.10796685983203679,0.03420177167171873,0.26648823966369795,-0.012998521074222795,0.16901901809247466,0.09836665863294003,0.3129850047458436,0.312608276840146,0.14904325968002488,-0.01931977702941586,0.3171434627809341,0.31676910805675335,0.2644386352618901,0.4112861398470946,0.3844004483168717,0.35006555612162643,0.13834834947893646,1.0,0.36714396196312754,0.3715096994289844,0.39781988221951303,0.3277667198074522,0.3613885811278809,0.3428889929341026,0.33434109776433707,0.38833785340896193,0.002827331573452566,0.20672944934592852,0.14895701437368986,0.32563760656159074,0.37122494081375423,0.36652263527781,0.3295521633515803,-0.025732096357546128,0.13281081375548376,0.022482475587033795,0.28444650179216113,0.1573181341943991,0.11066851266073156,-0.09254308213323297,0.3438342524761368,0.2914771827451907,0.3339333174483174,0.3466174647699932,0.32853546538936856,0.3498889294153427,0.3622921964222416,0.2748859875054855,0.3237700536432764,0.3384685739869974,0.32108680397942074,0.20777548650551006,0.2688767688953005,0.16909601291897774,0.264493411501371,0.37049694683287815,0.33019945488649677
MOO,0.11506912836315501,0.6655402349415833,0.5237810840200444,0.2858041104030082,0.42809798535933663,0.8014687442673919,0.7665431823845896,0.7146551328373144,0.8052352633099629,0.7747468148601095,0.6233240429840816,0.756589461188766,0.7393023506257576,0.6512705272411338,0.5751732433512815,0.7668524389186943,0.5744023942930179,0.5984870158516349,0.6749020954239154,0.5133254224099203,0.34702207104660243,0.4728028366438855,0.23038868405999882,0.09369428254030678,0.5580810182473872,-0.09695722654797446,0.26211982723249516,0.14074472302839414,0.5397731442030851,0.6568410887820405,0.2280481200047032,-0.11379360884201034,0.7310375675716743,0.7684536351460366,0.5676502741120308,0.7814787264219274,0.7835032578759078,0.6552165345782909,0.22876510244123818,0.36714396196312754,1.0,0.682658892162954,0.6924744005500745,0.768385261835681,0.7372676785318473,0.6527550076149965,0.6141046003870126,0.7469185952760045,-0.033953916671913706,0.3357111774853273,0.2706841441599453,0.7484440211537056,0.5584962242210744,0.7854042975913069,0.5466083742999502,-0.15734065466873454,0.28097981026265223,0.09731527176858099,0.4639859831398214,0.4093755216046941,0.3380354292341006,-0.20152511510314747,0.7907471486477249,0.6470515165356437,0.8210528193176595,0.5228577641984878,0.683856726296449,0.8516524050958257,0.6144211916697306,0.6663447231052699,0.7459089318825005,0.8016199729852822,0.6327242012362712,0.6158349841285603,0.6317118553163316,0.48712510175185797,0.6558155215975677,0.6998107730948063,0.6667117386410107
ONEQ,0.1066639301139027,0.6431339444431277,0.7191059765308252,0.17858583003024348,0.25720161812625997,0.8288446014129741,0.9427684353060685,0.7209826608936095,0.7586804854761217,0.7100440747865607,0.6635498723496511,0.689608874487739,0.702116119938495,0.6646764719924158,0.6683713309801791,0.6463647505145521,0.6185469803785315,0.481756668738373,0.6337181725247115,0.400756064290087,0.23819660293115105,0.32944169622708336,0.10892865053794325,-0.01410540001768087,0.5364387575063053,-0.17319562825418525,0.19004881631218687,0.08346155987197726,0.7913521345617505,0.6844300080134638,0.4622653716554751,-0.112461613589779,0.5450238495503977,0.6364632370667445,0.5461488870209695,0.8243077223173139,0.7356448664461781,0.638871936882485,0.25389474665341266,0.3715096994289844,0.682658892162954,1.0,0.7168548430537209,0.7453036159648739,0.7636610052039589,0.981328349201382,0.5533928838549711,0.8627414796278299,-0.0360883014602421,0.2760163250354466,0.22522436237204632,0.5961996957603442,0.7541208086065827,0.9400257889066279,0.5753923173409076,-0.13919992396449568,0.1230636415594444,0.049575404919525806,0.5048331070705333,0.252831933041655,0.19803061898270108,-0.0958767745044031,0.7241920495434399,0.5878784924325849,0.763351175757224,0.6672856633639203,0.6777501886800779,0.7113286160069285,0.858681677685179,0.4587042068722874,0.6984887476808991,0.7610477620522079,0.9527928026738983,0.5227490156352753,0.5741292416052767,0.3961690609351867,0.6687744583136692,0.8876762575772531,0.5661460124033846
PBD,0.21093470859765212,0.6731673643206305,0.6630291087459379,0.1963753102416147,0.2899507694443498,0.6512994773243128,0.7091481819626537,0.7323763674135934,0.7365902604633568,0.6933111400320097,0.7560740415484252,0.6578405607715614,0.6912757008645487,0.6106912108524067,0.6465658762454599,0.6362123495926842,0.6363679169915627,0.5009658319002733,0.8012752335874421,0.478193101286604,0.33623540837507,0.41243495718884343,0.2614526334963926,0.12648322248723773,0.588845632245927,-0.029071001873193208,0.26877735014018506,0.1761158791720962,0.5625804406965681,0.6194164202174909,0.3450866373010729,0.010628006840486866,0.541613776238488,0.6587916748228082,0.5129450103308655,0.7544751533567727,0.6997560723538047,0.7373769887383995,0.3169469041145157,0.39781988221951303,0.6924744005500745,0.7168548430537209,1.0,0.7007088231685371,0.7309449780154411,0.6826181244306896,0.669513601276891,0.8006781189971448,0.055142968658731376,0.35023117356348166,0.3058955602611739,0.6093182014466133,0.6564386802248576,0.7061685426711043,0.8125843907188669,-0.03649291653865911,0.28936014417004613,0.06126397656465988,0.5026767723124658,0.30221538657696806,0.20322108737333258,-0.24949181563420278,0.7245346534466381,0.5629514612172566,0.6426174915998885,0.5636556232417241,0.6278543514369285,0.6694311217672846,0.5598048298461595,0.44901375537994487,0.5844909632624139,0.6610942092462749,0.6644023833916269,0.41200789160331036,0.5409241710546664,0.3913831598768972,0.48617058819571923,0.6913705334661918,0.5856819146471448
PIO,0.1973045682662643,0.6427111072863424,0.5696120544836076,0.18867191581167478,0.2643466043051046,0.8140119867276074,0.8177150143604496,0.7160675726812976,0.8440368500175619,0.754419972762967,0.6509788098984179,0.7350149309357482,0.7899311723068242,0.6919635153889147,0.6028562561226778,0.7755663739471745,0.6055337046130811,0.5543139817043449,0.7285608354943153,0.4947353801579257,0.3805069413935003,0.42788397058478095,0.26826289399146863,0.12189494969315715,0.5254539066331574,-0.05273701280546227,0.26113323979957437,0.15062805919824276,0.5931415103545673,0.7043329824114691,0.3326695246197944,-0.020032548790627,0.5923728930777382,0.7828337237199465,0.5769204744567799,0.7730825183932345,0.7511198167518983,0.6157881087947239,0.30923069938614023,0.3277667198074522,0.768385261835681,0.7453036159648739,0.7007088231685371,1.0,0.80247941775891,0.7217570404447036,0.5475593603171112,0.8025153718725788,0.055111542097531975,0.33695147007890813,0.25584588603964015,0.6502711351636901,0.5923813276585146,0.8288899236933546,0.5465712125886558,-0.07936531626097897,0.29045443566730916,0.048521938096497436,0.45195013790411387,0.2465205438406578,0.19574196631812077,-0.26243528443058045,0.8392582999206872,0.6845042535161892,0.8096992702546254,0.5349778214845068,0.7350832488050649,0.8032458794388134,0.6832897570379949,0.5032927462050525,0.733128750104535,0.8137999239413182,0.7066800848994175,0.6362098777584433,0.6968802067311209,0.5500251543959875,0.6878873554458554,0.7463013351434017,0.5818617982245543
PSP,0.19821262348136087,0.6559037714233388,0.6511905355956642,0.21349968288740234,0.30053508866088374,0.7801752470650737,0.8015102020770126,0.7154284654611085,0.8337709869445322,0.7471808642416765,0.6515635842210012,0.728214628105857,0.7920764231449033,0.67227008698554,0.6172722335004909,0.7687401483216332,0.5981745310897832,0.5198423605355417,0.6929602546775666,0.5061994618034003,0.4131659439833529,0.4536875485046779,0.2727248740909932,0.10846741259126144,0.5442285903335708,-0.08023065804453058,0.24466167792150553,0.11715784858964118,0.643840870784244,0.7067448798800101,0.42744925924529314,-0.04455880581841914,0.6102377007394999,0.7206177639150516,0.5751358958834598,0.7976196042092617,0.7710281236689758,0.6366868889609896,0.3107826874839928,0.3613885811278809,0.7372676785318473,0.7636610052039589,0.7309449780154411,0.80247941775891,1.0,0.7295964394060515,0.5735833877992859,0.8151387618950415,0.012920055262821282,0.32523925235986156,0.2624888782973268,0.6625131967897856,0.6500064899122999,0.8119282711153567,0.5614822910190049,-0.08418951501417202,0.308939837364486,0.05680455254376295,0.49207696613116925,0.2884425505539643,0.2379377261656853,-0.26072481168708644,0.838686382109922,0.640295440544853,0.7571891454104992,0.5448563111051823,0.7094382205142896,0.7551836533250403,0.699094035621292,0.5389763735489387,0.7573371321163754,0.7656205487357879,0.7145655054309125,0.4953009433791585,0.6298952476846414,0.42087614663902084,0.5854781074759949,0.7720256487346179,0.6004035743520251
QQQ,0.10016323819057182,0.6278679341747309,0.6918582135393678,0.17012578400132397,0.24228572302303453,0.8103159934204519,0.9306600758490551,0.7144628841800269,0.7407845102550458,0.6903622092492927,0.6312576233040246,0.6700720969811439,0.6848447401244453,0.6554295394816702,0.6674204600671579,0.6238639738098187,0.6245388997856356,0.4646506989319787,0.6126983505774993,0.38510188122582134,0.22391059643294844,0.31020816824468683,0.09991176211356959,-0.015460458308635142,0.5223654038327906,-0.16897157327509538,0.18636688433357546,0.0828428641160435,0.7721957049798335,0.6588461630343848,0.4437317499368312,-0.10751683322459044,0.5102587173343737,0.6159538081650541,0.5327745161737905,0.7703670621698581,0.6774506629217292,0.6159671999963515,0.24207077161908147,0.3428889929341026,0.6527550076149965,0.981328349201382,0.6826181244306896,0.7217570404447036,0.7295964394060515,1.0,0.5313696755452519,0.8389914106593812,-0.033283206318143965,0.26826698151708966,0.21773009018179712,0.5612179576265584,0.7385482312575568,0.9281674518012404,0.5456280536726141,-0.13489468502076135,0.11439816484045015,0.0438873429504896,0.48718395385600893,0.2390062652967755,0.1855526979366784,-0.08596471920624818,0.7041756340058278,0.5594864390932635,0.741549674503648,0.6261208026665284,0.6408962016524742,0.6821513821601881,0.8539232733430389,0.4250375151934053,0.6594171272411781,0.730691904628798,0.9692936534670004,0.5248371527863284,0.5496393032527273,0.39198501557281135,0.6593957777966019,0.8692876261188914,0.5279590504111991
REMX,0.09140769006314692,0.6086718728875093,0.548071151592745,0.20485941093829013,0.3316471494070148,0.5399332738834185,0.5624786993001555,0.6452257741964058,0.6168392190335422,0.6310507405760368,0.5687256483909477,0.5960784061333171,0.5546681015949789,0.5151539988557148,0.5421889133374577,0.5580362391149346,0.5489783856722091,0.45832382166298835,0.5668371962152647,0.46405460269439386,0.29321729571990635,0.3956216333402535,0.22195243997482764,0.11223194038789178,0.5457134651741663,-0.02879820460830879,0.31529691572916885,0.23927232974675114,0.4235335485705606,0.47443966408472404,0.27810234543557943,-0.05075270960490519,0.5194418460229071,0.5172405610371731,0.4105030392862751,0.5951617548073448,0.5677893793336525,0.7821979324679468,0.1702844963669263,0.33434109776433707,0.6141046003870126,0.5533928838549711,0.669513601276891,0.5475593603171112,0.5735833877992859,0.5313696755452519,1.0,0.6502166483797356,-0.0031520754527089357,0.39402620343829864,0.3654429988770474,0.6244923423081481,0.5110971585811358,0.566266401495341,0.5392908153280181,-0.0899190144282923,0.24482347692028375,0.058108430982013216,0.4888131128437084,0.3442755687337575,0.22608019577987282,-0.229755295142486,0.5896936065076935,0.41342255339744266,0.5377272755216945,0.41714353520580727,0.4710720870830439,0.6045578641523032,0.4449734067642232,0.424325634379193,0.48456228818015434,0.5498035944981849,0.5228794534365733,0.32673494432475947,0.39232161526636783,0.26889092070175635,0.3824957032883968,0.5394357213946734,0.615594294391337
ROBO,0.17101896296598287,0.6844136762333939,0.7193633173915799,0.1894951637736601,0.26641804200553176,0.7973744857514642,0.8666614927626296,0.7908960947855305,0.8485497658209874,0.7643098605343234,0.7221919491486716,0.7295997088753277,0.7924175877964788,0.7892275968481424,0.7311468595856215,0.7137729795816975,0.7140379612704982,0.5075266178922349,0.728705670609621,0.4866628305296443,0.33885191897660166,0.3871929157332837,0.20438032141309603,0.058795706129783326,0.5793455978416738,-0.08511581901805786,0.24371577064353742,0.1317421796398188,0.7079881572472795,0.6908708983825204,0.4041035772481411,-0.04418848104138935,0.5824207657112124,0.677210275074762,0.5745499464965068,0.8553743238030357,0.7899003990215695,0.7203094494395597,0.2975938267352079,0.38833785340896193,0.7469185952760045,0.8627414796278299,0.8006781189971448,0.8025153718725788,0.8151387618950415,0.8389914106593812,0.6502166483797356,1.0,0.004012792960049863,0.330610940207408,0.2760315260112436,0.6711404576726303,0.7243873726357346,0.8609668804581889,0.6445665688867375,-0.07671602911787909,0.22750163634019888,0.05328093554616206,0.5302708862602993,0.27347708057189135,0.17884979745483984,-0.20624068518595456,0.812552702087277,0.593553744158371,0.7626893366048507,0.6277997548671199,0.7213545423747939,0.7630926041057853,0.7150150015336916,0.48223365464290735,0.6973977848629657,0.7982020171539406,0.8362696399146173,0.4699204653122341,0.57332203554362,0.38581909215965243,0.5987258714752445,0.8076277227705948,0.6381863798466911
SHY,0.7092430972827773,-0.027477175558908943,0.025377576636753742,-0.03556727439708036,-0.08051977722076809,-0.07111836286374018,-0.04588872438698558,0.0017471521085222867,0.00850586771106203,0.02066431126198903,0.04752043058433384,0.029774299271426902,0.0035367920858516404,0.014720505698872914,-0.01130046843324724,-0.019671419406188762,0.05130579602488514,-0.017457940686980557,0.07279205470349251,0.20055455432422928,0.2193428538556018,0.13663293049130695,0.26102999300798235,0.3059460512893531,-0.024462643654977224,0.4371040542612774,0.23532844789090637,0.2877293938619914,-0.030407481293835227,0.18931332986980062,0.007738894590303339,0.7463613520795962,-0.09208134716606724,0.061298225232909995,-0.014366158159094904,-0.029111234005877548,-0.039194341828516596,-0.021430934150485793,0.5390061068642933,0.002827331573452566,-0.033953916671913706,-0.0360883014602421,0.055142968658731376,0.055111542097531975,0.012920055262821282,-0.033283206318143965,-0.0031520754527089357,0.004012792960049863,1.0,0.19638247786294832,0.184724975083714,-0.07371007994911968,-0.011496017195526917,-0.056856090597346504,0.02876224915795891,0.5477064743331782,0.30640443148535923,0.0008122605740590361,0.00910058300879009,-0.0493602435552549,-0.1322986576281642,-0.2996871642794693,0.010152463035532095,0.12907690359768254,-0.06582735182255953,0.016126794190782237,0.07674876834276911,-0.03922210918430395,0.004899214111900697,-0.13974384692547034,-0.150991843062359,-0.07096821324237043,-0.0408454320875755,0.03759752578269137,0.1339919095726892,0.13016208411141714,-0.022831375435274685,-0.008718164299969418,-0.011324346087719931
SIL,0.2369540445249832,0.3495753118991232,0.3393461086425158,0.18536360292991186,0.32509621702156355,0.24344637958148677,0.2762832757185242,0.4091622242906061,0.3811401353098729,0.3875235870775408,0.30557149950131984,0.3853262637787039,0.3418904223721151,0.3023796808782228,0.3251626107628455,0.3716065532776509,0.3605284394771232,0.3188775969182682,0.36125220674368025,0.4842535317989,0.34889604624957354,0.41807772691331957,0.37034407890433513,0.30898741927977735,0.272482034399351,0.24051945342900333,0.9255897563430563,0.744410018616739,0.21661686902660027,0.2806098123812345,0.259410316285809,0.18587757795128027,0.4288013551571736,0.35910353475830814,0.2598813333258913,0.296742813322017,0.27412160248073963,0.34818093135317213,0.2425081449437694,0.20672944934592852,0.3357111774853273,0.2760163250354466,0.35023117356348166,0.33695147007890813,0.32523925235986156,0.26826698151708966,0.39402620343829864,0.330610940207408,0.19638247786294832,1.0,0.7508156181005693,0.4169324943260882,0.28418967437102804,0.2802504210073115,0.29548568047037027,0.12483901958462883,0.40344350956806035,0.026401830808710496,0.42949325541367644,0.36462997783030965,0.150894503671571,-0.4226554659157643,0.3759172216870711,0.23966219458377006,0.2561709720764451,0.22268869335425812,0.24327070663284925,0.38907880037851555,0.24176581238519276,0.24224615297106183,0.1580172077076554,0.25051823342418833,0.2628381200591695,0.1689973559288701,0.22077232648938405,0.22251834371830279,0.1834830335017539,0.23261651017108073,0.6075967435871725
SLV,0.19195549811711887,0.2868474025832664,0.2760430179987067,0.1922251748539842,0.34266048285863315,0.19530959938961875,0.21850645089940612,0.3456297730226974,0.31625749364337763,0.33608800038682746,0.23683656679301096,0.32966959161250664,0.2880922519381811,0.2456324627871896,0.28238973844829807,0.3027957272634664,0.33235841217660167,0.2582044650492495,0.29478257252876483,0.43459415514803756,0.31205960081025136,0.34493863831216587,0.3348303738043613,0.28422760678333875,0.2354755657793246,0.21848137838197398,0.6922641052101625,0.794977322039553,0.16632475487917509,0.21797467590203762,0.23514349747579696,0.15753508416478518,0.33181801396148164,0.2823598053807479,0.20149469622594673,0.2307277869826784,0.21334316539194928,0.3078734582512156,0.20887560947343292,0.14895701437368986,0.2706841441599453,0.22522436237204632,0.3058955602611739,0.25584588603964015,0.2624888782973268,0.21773009018179712,0.3654429988770474,0.2760315260112436,0.184724975083714,0.7508156181005693,1.0,0.3284495852345503,0.23027604765854187,0.22011510932146625,0.2405288720494593,0.0987964340014337,0.363735780308372,0.014465162712468263,0.34580064977553143,0.4105162180021522,0.14672999019816496,-0.3549625652037164,0.3125587036247035,0.20627153135872833,0.19202903360516257,0.15490083225887064,0.1925622975352467,0.29920259375701314,0.19773999818845284,0.18321634165065717,0.11379899578259914,0.18972199382367527,0.2245954294088164,0.11547896393698527,0.20057952150986424,0.1663693719682123,0.13023315257776447,0.18294049486450276,0.46161965778107195
SLX,0.03919593237737241,0.6653589815424317,0.5177888547585229,0.2790670430979748,0.4481168351873295,0.6868238266265821,0.6588950899258784,0.7138505870258524,0.7163048464628338,0.7221739739733636,0.5569419570525588,0.7087997398425429,0.6437520188732269,0.5723353636918381,0.5702680865029389,0.7034357071215406,0.5833686643681271,0.661896239583742,0.5772231851865043,0.5238963791829058,0.31613639354221157,0.48161876675959625,0.21273264177653092,0.0814429814533782,0.5327818984909303,-0.0905399132223481,0.3315903242550937,0.177930966327904,0.4774157068238282,0.5713521734690652,0.35986989783946094,-0.15930916259215486,0.7338437631317886,0.6355211746653743,0.5289501695509735,0.7074850663844346,0.728920690183474,0.6220305241801691,0.1505472555857454,0.32563760656159074,0.7484440211537056,0.5961996957603442,0.6093182014466133,0.6502711351636901,0.6625131967897856,0.5612179576265584,0.6244923423081481,0.6711404576726303,-0.07371007994911968,0.4169324943260882,0.3284495852345503,1.0,0.508682366054787,0.6767596519756686,0.49044714083386765,-0.1949907160507638,0.24729503105773132,0.06700284707516554,0.5197701279440355,0.4300542041651127,0.3527001924637258,-0.19962734542701396,0.6983627040512191,0.48797705740335773,0.7054211573708399,0.42126617054840787,0.5730130670148837,0.7783931674091022,0.5481150681954435,0.6491729196548073,0.6709349789236211,0.7150479310898883,0.5600927437394441,0.41013459733804436,0.45944632530059776,0.3132734722626405,0.4759282336197189,0.5913450750416098,0.8640669462505304
SOCL,0.12333754779592161,0.7190281021032778,0.6290217095960948,0.15532709759924315,0.22148652661906498,0.591760980192984,0.6902049708039312,0.7066649663715272,0.6374227759438186,0.6297098178331616,0.5966559440180591,0.5723452684072975,0.588923067979833,0.5539719984953598,0.5632325703948581,0.5394389649841475,0.5555777917694337,0.42046663306805077,0.5525537972217069,0.40489650029880375,0.24814787971632993,0.3235403167417506,0.15594073636872577,0.04240451399443242,0.6748786117455783,-0.0721588123148501,0.20810394073790642,0.11086159698160909,0.643334792540078,0.5248346828002896,0.3689595990588943,-0.04970773868890192,0.42878853418510265,0.5006998219730558,0.46698764499780177,0.6482877242911224,0.5649402469257272,0.5935790861910364,0.2184526233594958,0.37122494081375423,0.5584962242210744,0.7541208086065827,0.6564386802248576,0.5923813276585146,0.6500064899122999,0.7385482312575568,0.5110971585811358,0.7243873726357346,-0.011496017195526917,0.28418967437102804,0.23027604765854187,0.508682366054787,1.0,0.6837912877289397,0.5499282936934416,-0.07008706476788124,0.17927063832437476,0.0284474610687401,0.42658476365422643,0.23094235667448043,0.15727448591004106,-0.15349921999731525,0.6076978625700066,0.43944929208526345,0.535182934769396,0.5582427312348134,0.5266838903558687,0.5522839878219222,0.7662640389282543,0.3456703892304724,0.5112403879503172,0.5439547899107882,0.6842957707742527,0.3405331245206072,0.432963566395719,0.23294707727036437,0.47462894813392015,0.6892047708888186,0.4685371659306763
SPY,0.09493039141832181,0.6564128434271793,0.663106039271358,0.19997340412086273,0.3115437849217011,0.9478877891026513,0.9829236031947431,0.7421292686465454,0.835244518806011,0.7785883552873314,0.6414472513195564,0.7676393638531199,0.7660489464818344,0.7126712885375566,0.6639127145698283,0.75341499415589,0.6307391386510175,0.5490798113185038,0.6755253036356517,0.43034106515424836,0.26300068697318785,0.3794181923917955,0.11902219824714728,-0.013933628549517608,0.5357785877544089,-0.20038013269725027,0.1980438403561578,0.07347550896122086,0.7426800874759865,0.7429896782924045,0.43613258052230297,-0.1507872093612242,0.6712789269239979,0.7652744879479748,0.6059451473830542,0.8629264635689918,0.8206016414758357,0.6419421554725258,0.25546854609563113,0.36652263527781,0.7854042975913069,0.9400257889066279,0.7061685426711043,0.8288899236933546,0.8119282711153567,0.9281674518012404,0.566266401495341,0.8609668804581889,-0.056856090597346504,0.2802504210073115,0.22011510932146625,0.6767596519756686,0.6837912877289397,1.0,0.5477796570969946,-0.18781231542451104,0.13632635115395672,0.06561728751719241,0.5092331958427222,0.29293222730262164,0.2609911467721443,-0.10414743805533393,0.804425045252926,0.7020271335653228,0.9117221782723993,0.6155073693061662,0.7434680578627931,0.8306771619547739,0.84834952663245,0.6028216289495687,0.844053323052397,0.8849514860278855,0.9150620555768366,0.6745579847556586,0.6926926244915742,0.5430824271573358,0.7726747215500579,0.8941725098137627,0.6246476749205632
TAN,0.15010105456320352,0.5517741611248529,0.5484552118515106,0.14171890606403836,0.2391819324438402,0.4922410267367589,0.5486490998522343,0.5782053102881122,0.5525431800073529,0.5429405465109315,0.6619837520734931,0.5086359265542283,0.5094252445639137,0.4569797611477341,0.48715122326622384,0.47850981895645817,0.47341278499947526,0.39071786362513705,0.6491578907791581,0.3594053456511318,0.21580678579880394,0.3058523383437915,0.15127536282691512,0.05435065065593116,0.48450687605560017,-0.038469493054812405,0.2315517716101181,0.1406509216628656,0.48507198032708265,0.4778392158480928,0.23445505439961464,-0.00242550415362285,0.4453939386010755,0.4971600781554537,0.39864221311035575,0.6112677200694355,0.5529145263786733,0.6004291511652606,0.22152303556503788,0.3295521633515803,0.5466083742999502,0.5753923173409076,0.8125843907188669,0.5465712125886558,0.5614822910190049,0.5456280536726141,0.5392908153280181,0.6445665688867375,0.02876224915795891,0.29548568047037027,0.2405288720494593,0.49044714083386765,0.5499282936934416,0.5477796570969946,1.0,-0.034872737446806704,0.17114819629761976,0.03017429864428686,0.40084932482955343,0.24233554594354806,0.18637827451473074,-0.16156307724899993,0.541434141388539,0.4162463375954009,0.4865920036393644,0.4911001587133953,0.5058448504174806,0.5301681215842305,0.4531822508463658,0.3634913394164666,0.43298486221955995,0.5118271773815318,0.5208435689511423,0.2880307816113866,0.421000278271365,0.2892827287323536,0.3874041924446744,0.5441209558869179,0.4786868415853381
TLT,0.8352703180538528,-0.13333257718545571,0.0012662632615949862,-0.09993633435940079,-0.18942338322269883,-0.21069586906066293,-0.1700061437973603,-0.11785473354373387,-0.15303904598448984,-0.1330213603779437,-0.020814741708097377,-0.12349215463241081,-0.13633081025550056,-0.1069006240079079,-0.08425015864770845,-0.1901015114903105,-0.06031403994789857,-0.11045261633331233,-0.03550161768342082,0.05916499806771613,0.07818578123026854,-0.024042634813504073,0.12518818351623381,0.20909563982723778,-0.11079036769110338,0.4305356433272178,0.180138797385151,0.22238023033032192,-0.09591699910176137,0.03310184572017039,-0.0007781181524863033,0.9187278031624418,-0.23415745958670064,-0.07213996015400166,-0.13787570002905392,-0.1438549318460984,-0.16718164775013106,-0.09026075921604934,0.7103808913178241,-0.025732096357546128,-0.15734065466873454,-0.13919992396449568,-0.03649291653865911,-0.07936531626097897,-0.08418951501417202,-0.13489468502076135,-0.0899190144282923,-0.07671602911787909,0.5477064743331782,0.12483901958462883,0.0987964340014337,-0.1949907160507638,-0.07008706476788124,-0.18781231542451104,-0.034872737446806704,1.0,0.1759801549290042,-0.032190788815640095,-0.13585779879813567,-0.14457311529188405,-0.2191778949664165,-0.1962572603887857,-0.14932367584747364,0.04998693160883454,-0.21291590106795735,-0.05470646745937297,-0.015720702741973135,-0.17664785446175332,-0.08254005994434548,-0.273811528086402,-0.29309095780250516,-0.2098711242693112,-0.14206140418076477,-0.06957246089700328,0.07311047772297594,0.06056358992833326,-0.14829365395102279,-0.10555693345428804,-0.14335675476266793
UDN,0.31034408234207345,0.24105473061998545,0.24332356115956089,0.1878192014763892,0.20412422768701388,0.12427885085808177,0.13473834360645243,0.2892558052721454,0.36409074125882035,0.3066294367467271,0.27172524406432413,0.30240989441051025,0.3986785212181993,0.19618199813668227,0.21811994066039456,0.337506974423403,0.2884066902186306,0.221731574714046,0.3593393147499252,0.5943240628205477,0.6981513986260398,0.5462141331403706,0.9140879854358074,0.6830596023963124,0.19714643466700443,0.5321229653053339,0.3873334923086543,0.4076134263505864,0.06942356120253644,0.24813687952583924,0.09178117284264505,0.2785953360069315,0.17774271034213046,0.3266629390542201,0.17093541017451394,0.15834907069211654,0.15679450794866956,0.23370490919682152,0.3039511478886933,0.13281081375548376,0.28097981026265223,0.1230636415594444,0.28936014417004613,0.29045443566730916,0.308939837364486,0.11439816484045015,0.24482347692028375,0.22750163634019888,0.30640443148535923,0.40344350956806035,0.363735780308372,0.24729503105773132,0.17927063832437476,0.13632635115395672,0.17114819629761976,0.1759801549290042,1.0,0.03224108251268024,0.20743910767470977,0.18463741425706054,0.05021668918511847,-0.8090835639507868,0.41365021891279996,0.19898278891149995,0.13841984632613805,0.10381788396314769,0.18348662380235947,0.21994557009843435,0.15290500017058634,0.09236394432074865,0.0894855495584304,0.14151793599591977,0.10871688021482116,0.1515130292892154,0.209965017756315,0.1612220748276902,0.08980703173695578,0.13869990517529673,0.25629252936832825
UNG,0.0004739012161163032,0.041443249306192,0.018798670223682687,0.09803942985278347,0.2363889777185528,0.05426368891992474,0.06139581518847745,0.03449100573483322,0.04565092903144148,0.05171054651063381,0.037748301191608664,0.05763708382424566,0.029971717057214572,0.03971186247182472,0.007305361064018329,0.05350918944581753,0.019071572600659673,0.05529685281042539,0.03138983540310408,0.07242758791500868,0.04639016420472009,0.08151750612593066,0.024686018413254948,0.016691314394687698,0.035409463275603036,-0.041116823817260624,0.02056941713884639,0.01801210984976777,0.04027482555765168,0.05490323881814557,-0.0018613638343102949,-0.02688979429490005,0.14388357413622654,0.08468299688141934,0.022239998242723075,0.047660457702813554,0.05588644232304822,0.07310444532469465,0.00874263005264223,0.022482475587033795,0.09731527176858099,0.049575404919525806,0.06126397656465988,0.048521938096497436,0.05680455254376295,0.0438873429504896,0.058108430982013216,0.05328093554616206,0.0008122605740590361,0.026401830808710496,0.014465162712468263,0.06700284707516554,0.0284474610687401,0.06561728751719241,0.03017429864428686,-0.032190788815640095,0.03224108251268024,1.0,0.06976461484081446,0.20661611055456686,0.1266694038027794,-0.014367325971813543,0.04814770109168721,0.06078404999699094,0.07355222305897119,0.02465063709854291,0.04465401841081239,0.0661162306946741,0.06885237094703019,0.14698203333260237,0.056559513458299175,0.05079676789751324,0.040672601142657826,0.04799957461975086,0.07039746378862477,0.06025641069739593,0.05571819691922729,0.05130779983376457,0.09011889026205107
URA,0.035258215210730685,0.451572564226648,0.500079225968699,0.20761512779213764,0.3333450919921925,0.4631882980762174,0.5088801537670611,0.5236252889007531,0.523789335490838,0.5125620301042023,0.4246449579285604,0.5074576918839013,0.45837537136126816,0.45675582364426187,0.4739198059045436,0.4893112279810225,0.48964076865698763,0.38397376036759423,0.4532990612343756,0.4127317525676346,0.2545923628709578,0.39341877177694057,0.18223078759018768,0.09161136111505482,0.3679082564214652,-0.04342514667964091,0.3618707097133982,0.27583841502066503,0.44145582890527507,0.39955839288138995,0.3628299750522651,-0.09276445695900158,0.5294784621959354,0.45618298950706926,0.3775080500636523,0.5109576343865125,0.47173451538032823,0.46930227460818835,0.10774786167949063,0.28444650179216113,0.4639859831398214,0.5048331070705333,0.5026767723124658,0.45195013790411387,0.49207696613116925,0.48718395385600893,0.4888131128437084,0.5302708862602993,0.00910058300879009,0.42949325541367644,0.34580064977553143,0.5197701279440355,0.42658476365422643,0.5092331958427222,0.40084932482955343,-0.13585779879813567,0.20743910767470977,0.06976461484081446,1.0,0.3297760478768774,0.23452982200449077,-0.1922141477140486,0.49743407524717376,0.3179586514035363,0.4522987267309234,0.3517388334068833,0.3709192818842967,0.49489267242614154,0.42461155823078095,0.4222179647879571,0.4090965866165264,0.4708867014342368,0.49088628866404316,0.22452139049058709,0.29397603877527356,0.22780205645929968,0.3058816062075855,0.44761548292176945,0.59983009370631
USCI,-0.012262807039624813,0.3239845165987644,0.20424627329329417,0.5836307284004587,0.8189808672510195,0.2852869109338365,0.2773587857063454,0.33772199771595496,0.3269955196118033,0.3785239710722641,0.21506154414161732,0.38012916153802173,0.26754520487868655,0.23800835177350915,0.2580822404889346,0.35977704613813843,0.2536626100050227,0.343204939618753,0.2917451570651183,0.36648517386541857,0.2132440059889078,0.3663996647831421,0.16233101062461994,0.10023530448165564,0.27711755360589746,-0.030446198836261946,0.3137758411158813,0.3237811491813489,0.23615133960315965,0.2643903561936331,0.11053815994291487,-0.11317855075761225,0.5623356719482859,0.35141295555743335,0.2067941697627914,0.28645218618640744,0.2965725047805444,0.3137384995544643,0.045438282871869067,0.1573181341943991,0.4093755216046941,0.252831933041655,0.30221538657696806,0.2465205438406578,0.2884425505539643,0.2390062652967755,0.3442755687337575,0.27347708057189135,-0.0493602435552549,0.36462997783030965,0.4105162180021522,0.4300542041651127,0.23094235667448043,0.29293222730262164,0.24233554594354806,-0.14457311529188405,0.18463741425706054,0.20661611055456686,0.3297760478768774,1.0,0.6284728963500988,-0.16960705692496147,0.3164590904585538,0.21028573463841063,0.3143789005632737,0.14806793673219934,0.1769503480644332,0.3513619772247884,0.21959572265631278,0.5292820800513565,0.2515525880901322,0.2857608290026642,0.24188156491064913,0.14691738393828213,0.19985190813813805,0.1609761071835242,0.1726781230233313,0.22326385877928806,0.4467527824575421
USO,-0.09317338930550464,0.2538033542419356,0.10027083238942731,0.2502079787471693,0.853142723596955,0.2609960039663338,0.23867188464517,0.2517105273317567,0.252770301801857,0.28957767119343064,0.14177891843255078,0.30062442822925,0.19735593874910048,0.16100825165189786,0.17202367130710497,0.3134987466916677,0.13759192679450546,0.2877873694705534,0.1955898165227459,0.1949836655277005,0.1107660606920251,0.35299610130474357,0.030138881084931013,-0.02322023361363687,0.19014217221876947,-0.13847277784939707,0.13026416218406914,0.08024730355064,0.19658357701833465,0.25034514182213263,-0.023812845395554054,-0.20463053271116166,0.605672162946071,0.3019005378318514,0.15369375735470275,0.24104876883985596,0.2693600330687512,0.21375508944502739,-0.04675860731956673,0.11066851266073156,0.3380354292341006,0.19803061898270108,0.20322108737333258,0.19574196631812077,0.2379377261656853,0.1855526979366784,0.22608019577987282,0.17884979745483984,-0.1322986576281642,0.150894503671571,0.14672999019816496,0.3527001924637258,0.15727448591004106,0.2609911467721443,0.18637827451473074,-0.2191778949664165,0.05021668918511847,0.1266694038027794,0.23452982200449077,0.6284728963500988,1.0,-0.03168991127397982,0.2522510897133906,0.15250443898687283,0.2978229208824211,0.11266805871118185,0.12443374902860599,0.28243508833897885,0.1775398100015231,0.6221261755141813,0.2551178525117216,0.25334343883105315,0.19135323647744515,0.13082083775191955,0.1375888740350453,0.08977508891443428,0.14860886803367818,0.16342946661463617,0.3356667411980526
UUP,-0.30414499931742844,-0.2121659079235018,-0.2254906171910932,-0.08875738619047788,-0.11953699630134346,-0.08060669622119784,-0.10224125611325603,-0.256551119448401,-0.3332497930555023,-0.2750699388167602,-0.2819415076297186,-0.2669670530372559,-0.3715859697453441,-0.17769024955730733,-0.1944599204487468,-0.3085480829810579,-0.26193924786162476,-0.18130065548875862,-0.33250820690041283,-0.5820989944853634,-0.6884180857347663,-0.5278223779251612,-0.9036837062380197,-0.676591748587851,-0.17623931504117915,-0.5392651598893959,-0.3978444115259632,-0.40782161694527497,-0.0439889204182365,-0.2096398329341541,-0.06334160704272306,-0.2937882232756856,-0.14978922133117367,-0.2873785774762946,-0.11980320761586517,-0.13363619080533848,-0.12672595821301483,-0.22117021373776788,-0.2743062564023499,-0.09254308213323297,-0.20152511510314747,-0.0958767745044031,-0.24949181563420278,-0.26243528443058045,-0.26072481168708644,-0.08596471920624818,-0.229755295142486,-0.20624068518595456,-0.2996871642794693,-0.4226554659157643,-0.3549625652037164,-0.19962734542701396,-0.15349921999731525,-0.10414743805533393,-0.16156307724899993,-0.1962572603887857,-0.8090835639507868,-0.014367325971813543,-0.1922141477140486,-0.16960705692496147,-0.03168991127397982,1.0,-0.375585245973698,-0.14908710232164832,-0.09052010242943918,-0.09006922332796159,-0.14768423772067701,-0.1817901255980103,-0.09843935402234259,-0.051738574641174685,-0.04684191370122016,-0.10210686251942178,-0.07438007320449735,-0.1063504090421878,-0.1405313352084161,-0.11122844327780536,-0.05531361324218506,-0.11463434745794289,-0.24141640227904224
VGK,0.14657744456444768,0.7092668835490086,0.5833651211300682,0.23947583693849075,0.32883275113821914,0.7944771925374947,0.7900552696094703,0.7840176417580932,0.9651931839666188,0.8201881431361184,0.6571193539814408,0.7970017608510512,0.9426284691533915,0.7199199233273724,0.6459886870946617,0.9173942470787414,0.6561260556722114,0.5849144530571013,0.775548261863256,0.5589645136884056,0.491260540910543,0.5046160424815356,0.40527203655883687,0.21130485037636992,0.592226729927266,-0.05691684554887577,0.2895871081188378,0.1776911898697573,0.5823337239843456,0.6945347935454186,0.3218242113969213,-0.09302482012076814,0.643466731878264,0.8202248281363458,0.6293677203950894,0.7528597062712437,0.7385858514844541,0.6424891451796587,0.27096028414329393,0.3438342524761368,0.7907471486477249,0.7241920495434399,0.7245346534466381,0.8392582999206872,0.838686382109922,0.7041756340058278,0.5896936065076935,0.812552702087277,0.010152463035532095,0.3759172216870711,0.3125587036247035,0.6983627040512191,0.6076978625700066,0.804425045252926,0.541434141388539,-0.14932367584747364,0.41365021891279996,0.04814770109168721,0.49743407524717376,0.3164590904585538,0.2522510897133906,-0.375585245973698,1.0,0.6278489799698862,0.788690366304914,0.5178862744046561,0.6650218342594926,0.7808874349942614,0.6751628228026793,0.5556889803505873,0.7414548766611146,0.7697894813345073,0.6883570073762717,0.5786865790855091,0.6196429432047107,0.45633691394033604,0.6408441361153712,0.7171390746401897,0.6088059337821673
VNQ,0.28802013894516093,0.46773948289070383,0.44257843812086023,0.15407853625888332,0.20117042625187784,0.7089831181539501,0.6907859923243884,0.5257432915833183,0.6373285674665118,0.619394127109398,0.4564011769066768,0.628511411057865,0.5791247255140111,0.5132387255209424,0.4309845484910679,0.6045240766022216,0.4335504254679953,0.4535753785487201,0.5685735796080563,0.3844110019674271,0.26376410168699854,0.335573970594481,0.15659954299579043,0.07409671959446582,0.37188159424572925,-0.007702730081031016,0.2061036653014332,0.1252192465870933,0.4706578000370267,0.6637228531443404,0.22497338149609328,0.10711397475953077,0.5021558529006765,0.7445012119604989,0.4954497890522723,0.7014255561532355,0.7218120441017623,0.4711468216358233,0.39527413979938886,0.2914771827451907,0.6470515165356437,0.5878784924325849,0.5629514612172566,0.6845042535161892,0.640295440544853,0.5594864390932635,0.41342255339744266,0.593553744158371,0.12907690359768254,0.23966219458377006,0.20627153135872833,0.48797705740335773,0.43944929208526345,0.7020271335653228,0.4162463375954009,0.04998693160883454,0.19898278891149995,0.06078404999699094,0.3179586514035363,0.21028573463841063,0.15250443898687283,-0.14908710232164832,0.6278489799698862,1.0,0.7406050302635214,0.4484127366787259,0.6747564648368559,0.6567207311945965,0.5911035774503017,0.45393906078121193,0.6528962761046984,0.6797920170766735,0.5428810866372327,0.6657969899322038,0.9686973527941621,0.7005561151299421,0.6123184599374704,0.6412449353666858,0.447689997667727
VYM,0.06769941208416139,0.6073298026423891,0.5286301756189407,0.201448435924733,0.34543898741382123,0.9453956613977854,0.8853105718128118,0.682496675869119,0.8088863762314271,0.7662276790450862,0.5766944142505815,0.7616366566750027,0.7312023792833504,0.6726917543450446,0.5791264843757368,0.7771903910872553,0.5648479788544605,0.5680958862847884,0.647399450287398,0.4155561445883041,0.2555435751018861,0.39054356581174826,0.10936512840321962,-0.015932069178178434,0.49106662226391334,-0.18719210098634337,0.18453562253749228,0.06299284066939849,0.5963611266550223,0.7112671168794796,0.3445858190009449,-0.167684874299864,0.7436755486569341,0.8261978837065723,0.5978092356169638,0.8419675705106348,0.8603263710056395,0.5893982073610063,0.2227718139180867,0.3339333174483174,0.8210528193176595,0.763351175757224,0.6426174915998885,0.8096992702546254,0.7571891454104992,0.741549674503648,0.5377272755216945,0.7626893366048507,-0.06582735182255953,0.2561709720764451,0.19202903360516257,0.7054211573708399,0.535182934769396,0.9117221782723993,0.4865920036393644,-0.21291590106795735,0.13841984632613805,0.07355222305897119,0.4522987267309234,0.3143789005632737,0.2978229208824211,-0.09052010242943918,0.788690366304914,0.7406050302635214,1.0,0.5319655937809431,0.723289351965174,0.8614890716612295,0.6924216822742795,0.7068480570064255,0.8930390501226539,0.9052398216606442,0.7366742399279933,0.763421457805214,0.7283596248238128,0.6473070233297942,0.7843098910718225,0.7678729072679081,0.6439532638275419
XBI,0.12594186636674407,0.46489947178636654,0.5874064088971559,0.09308637328111756,0.15013085121782985,0.5559652000629794,0.620355760889275,0.48939766409845775,0.5342601745213024,0.49361561858688646,0.5220696508031838,0.4730235859257847,0.4888990554948771,0.4581012932254315,0.41944807311934174,0.46185090578329774,0.3954044820176367,0.31838175006523506,0.4776900761426364,0.28696107162441664,0.18618858200890515,0.23039543451487426,0.08975223592211912,0.0009039729820038271,0.3964575067577747,-0.09207635888790136,0.16079606266861024,0.06564756472240234,0.5847764438870612,0.48906577878967683,0.32224211197612956,-0.02889834504465632,0.39812637777775733,0.45539132349560163,0.3723291655656373,0.7171280687396947,0.6100035141819974,0.4693740419477425,0.19946433092156346,0.3466174647699932,0.5228577641984878,0.6672856633639203,0.5636556232417241,0.5349778214845068,0.5448563111051823,0.6261208026665284,0.41714353520580727,0.6277997548671199,0.016126794190782237,0.22268869335425812,0.15490083225887064,0.42126617054840787,0.5582427312348134,0.6155073693061662,0.4911001587133953,-0.05470646745937297,0.10381788396314769,0.02465063709854291,0.3517388334068833,0.14806793673219934,0.11266805871118185,-0.09006922332796159,0.5178862744046561,0.4484127366787259,0.5319655937809431,1.0,0.5331360436368776,0.5101836202306818,0.5747580625804456,0.33012629513375075,0.4916822134716818,0.5233667924462996,0.5618579059033515,0.3479656844859241,0.43830405265724914,0.24942238206434525,0.6414013570609527,0.5935775756351171,0.4292386815112869
XHB,0.23928307290383188,0.5081961803835211,0.5135757482993881,0.14499120509891017,0.17810222989820412,0.74378806270404,0.7374187956501396,0.5806073841617029,0.6768446411615188,0.6153837502874208,0.5685133431322695,0.6053442071507643,0.6399601564595657,0.5720045901153393,0.5125283976237617,0.6039237657130869,0.506400147892273,0.42900665599413507,0.5732870644828014,0.36609492314111053,0.2676990419861867,0.3175938827570977,0.15916575750235865,0.028872334974628842,0.4121733490435667,-0.07263277490918915,0.1825825346528189,0.09087901169735128,0.5380073471677156,0.648727886910402,0.23701761268818614,0.030077386046876455,0.5189289770026999,0.6290403732828738,0.4795403959342628,0.8005265175777463,0.7828321826529718,0.546280822442936,0.34058613258170223,0.32853546538936856,0.683856726296449,0.6777501886800779,0.6278543514369285,0.7350832488050649,0.7094382205142896,0.6408962016524742,0.4710720870830439,0.7213545423747939,0.07674876834276911,0.24327070663284925,0.1925622975352467,0.5730130670148837,0.5266838903558687,0.7434680578627931,0.5058448504174806,-0.015720702741973135,0.18348662380235947,0.04465401841081239,0.3709192818842967,0.1769503480644332,0.12443374902860599,-0.14768423772067701,0.6650218342594926,0.6747564648368559,0.723289351965174,0.5331360436368776,1.0,0.7473547108296867,0.6041277543764353,0.4445176288575352,0.6791622561413944,0.7757125570227851,0.6201851808786255,0.5404448429233417,0.6553166526608205,0.4382076062403167,0.5761180429456633,0.7624857398651377,0.5310053281116542
XLB,0.09375944996327015,0.6293588794028935,0.5338998366499492,0.23312995033677414,0.363669612488739,0.8476644599360974,0.8091337702662518,0.6914872194629068,0.7943830580301905,0.7486884642115254,0.6178359933828477,0.7376819503297141,0.733282214553722,0.6419432073685185,0.5676980721689557,0.7557123201387246,0.5730905107279212,0.5595508573139358,0.6510081126248517,0.4768495082835613,0.31399279298008326,0.44339198729002927,0.19104733085759196,0.06296785360811576,0.5147279244563074,-0.12914699948455205,0.3190705584284429,0.1706184568016267,0.5524213767789548,0.6763044273545885,0.27505140048161825,-0.1288105599011596,0.7434635119016837,0.7505659719798619,0.5709258553686328,0.8068909221663126,0.8121111189733521,0.6575272764754898,0.2173221015690288,0.3498889294153427,0.8516524050958257,0.7113286160069285,0.6694311217672846,0.8032458794388134,0.7551836533250403,0.6821513821601881,0.6045578641523032,0.7630926041057853,-0.03922210918430395,0.38907880037851555,0.29920259375701314,0.7783931674091022,0.5522839878219222,0.8306771619547739,0.5301681215842305,-0.17664785446175332,0.21994557009843435,0.0661162306946741,0.49489267242614154,0.3513619772247884,0.28243508833897885,-0.1817901255980103,0.7808874349942614,0.6567207311945965,0.8614890716612295,0.5101836202306818,0.7473547108296867,1.0,0.6416458597048462,0.6499055720885325,0.7969852654722038,0.8637781146200377,0.6731565107783748,0.6216626784439847,0.6555618571189186,0.5052716412411876,0.6698840084194414,0.7309292334682737,0.7407164954538202
XLC,0.15598992864674024,0.568926974107845,0.5740336959879264,0.1869793316704705,0.2251380596409365,0.7633918409001567,0.8416045099156926,0.6058071821179682,0.6932862147701231,0.6630189061139138,0.4989701833233182,0.6583218307661779,0.6536250511166836,0.6014611282455777,0.5130419121809444,0.6017880320784389,0.46418610664697857,0.4646397535955638,0.5217130734492078,0.3858502331370507,0.2422341859332984,0.3438278670020321,0.13220578764308108,0.012204814125704474,0.46099767700687394,-0.09172227291875618,0.1812574907819761,0.09521535622372572,0.6796535941267875,0.656775793447205,0.33885433177345514,-0.046761115768346205,0.49631013273511787,0.5872112368939568,0.5177747994860505,0.7050562632442737,0.6469883119150995,0.49069731462860794,0.29657745620138254,0.3622921964222416,0.6144211916697306,0.858681677685179,0.5598048298461595,0.6832897570379949,0.699094035621292,0.8539232733430389,0.4449734067642232,0.7150150015336916,0.004899214111900697,0.24176581238519276,0.19773999818845284,0.5481150681954435,0.7662640389282543,0.84834952663245,0.4531822508463658,-0.08254005994434548,0.15290500017058634,0.06885237094703019,0.42461155823078095,0.21959572265631278,0.1775398100015231,-0.09843935402234259,0.6751628228026793,0.5911035774503017,0.6924216822742795,0.5747580625804456,0.6041277543764353,0.6416458597048462,1.0,0.416027539073291,0.6609557903816087,0.6599356915704991,0.7770249683368777,0.5173287966455596,0.5743238452220564,0.4095281877900781,0.615182836761236,0.7979946252167275,0.49554075327980673
XLE,-0.057216731888791734,0.46167557907502244,0.3098122852700444,0.25225201098880273,0.6335757738663391,0.6400856293818044,0.5654782979941954,0.4996577412467097,0.5719666346439554,0.578545623125276,0.3620606646225564,0.5824772850299146,0.4902086048416706,0.4506068917091646,0.3903011298356198,0.624898997160812,0.3790256115208878,0.5015948409202329,0.43293286256379165,0.34774936068793744,0.19511795241435337,0.41938077840596916,0.05687957661487302,-0.03767058919012562,0.3612608805178757,-0.1889610636815174,0.18505235422852132,0.06661509362405667,0.38846969731032904,0.504482282213429,0.1307316480589023,-0.24867921507266563,0.9531924806941326,0.6409738324921377,0.4202168616024211,0.608889462607522,0.6623787671371272,0.4446318789964244,0.04895220388784645,0.2748859875054855,0.6663447231052699,0.4587042068722874,0.44901375537994487,0.5032927462050525,0.5389763735489387,0.4250375151934053,0.424325634379193,0.48223365464290735,-0.13974384692547034,0.24224615297106183,0.18321634165065717,0.6491729196548073,0.3456703892304724,0.6028216289495687,0.3634913394164666,-0.273811528086402,0.09236394432074865,0.14698203333260237,0.4222179647879571,0.5292820800513565,0.6221261755141813,-0.051738574641174685,0.5556889803505873,0.45393906078121193,0.7068480570064255,0.33012629513375075,0.4445176288575352,0.6499055720885325,0.416027539073291,1.0,0.6528312415893704,0.6392108441940789,0.4312234190320727,0.39333136916551625,0.41904436199160927,0.34842885743266727,0.45462536075110593,0.4656721972558949,0.6175704034891196
XLF,-0.0163585368095201,0.5591772149583584,0.5124407375237509,0.18189904897421916,0.2793704547295883,0.8894983160326997,0.8118903503248253,0.6098064774008414,0.7553833485533571,0.6975230091720358,0.5228455832452189,0.6963780226674453,0.7026766939054683,0.6172108926172407,0.505551028436163,0.7296239458105411,0.4820243799881445,0.5245879161662885,0.5745509040352126,0.34834058542523466,0.23069232282786123,0.33886714162254494,0.07798365668391712,-0.05449232420191727,0.44798410646851194,-0.2617219256892028,0.0831283784060844,-0.03784082262714507,0.558141797232243,0.6530086408736331,0.34117174987959037,-0.26242374809590124,0.6699343969858716,0.7147800480697609,0.5708247384269667,0.8104299577821135,0.8437045016732622,0.5339702605727141,0.135985509860959,0.3237700536432764,0.7459089318825005,0.6984887476808991,0.5844909632624139,0.733128750104535,0.7573371321163754,0.6594171272411781,0.48456228818015434,0.6973977848629657,-0.150991843062359,0.1580172077076554,0.11379899578259914,0.6709349789236211,0.5112403879503172,0.844053323052397,0.43298486221955995,-0.29309095780250516,0.0894855495584304,0.056559513458299175,0.4090965866165264,0.2515525880901322,0.2551178525117216,-0.04684191370122016,0.7414548766611146,0.6528962761046984,0.8930390501226539,0.4916822134716818,0.6791622561413944,0.7969852654722038,0.6609557903816087,0.6528312415893704,1.0,0.8548581135885803,0.6520625076058798,0.6029967513058044,0.6265077726781952,0.4736986654312197,0.6736470703710161,0.7303218735610038,0.5899903939263257
XLI,0.06739915461285403,0.5905968631804893,0.5556543856869107,0.19910006604594616,0.3010148506969892,0.9165323843273236,0.8619943604035759,0.6785149641804633,0.7931078877871361,0.7372633082740735,0.5978818182932449,0.7285221168408412,0.7316763705064995,0.66341150226495,0.5887303661400227,0.7405568496138059,0.5884011689177373,0.5414184851975249,0.6509607183327724,0.4067178895790998,0.25390497502286147,0.37333704735176937,0.11853637684427643,-0.009092572970912855,0.4748750090574602,-0.19060589963763244,0.17506857265982823,0.053883442321093766,0.5960437113824254,0.687426573035615,0.3458442362915338,-0.16975963064396624,0.692162370486663,0.7539211255346089,0.5628092470798892,0.8511352360313741,0.8528709425428872,0.6070139375938948,0.21487530143191377,0.3384685739869974,0.8016199729852822,0.7610477620522079,0.6610942092462749,0.8137999239413182,0.7656205487357879,0.730691904628798,0.5498035944981849,0.7982020171539406,-0.07096821324237043,0.25051823342418833,0.18972199382367527,0.7150479310898883,0.5439547899107882,0.8849514860278855,0.5118271773815318,-0.2098711242693112,0.14151793599591977,0.05079676789751324,0.4708867014342368,0.2857608290026642,0.25334343883105315,-0.10210686251942178,0.7697894813345073,0.6797920170766735,0.9052398216606442,0.5233667924462996,0.7757125570227851,0.8637781146200377,0.6599356915704991,0.6392108441940789,0.8548581135885803,1.0,0.7326360653935179,0.6302981939957631,0.6659833174376073,0.5300947111482227,0.6875244967958226,0.7766891290388043,0.6605050767566567
XLK,0.09086625545815884,0.5980698554127006,0.6658453255231339,0.1713609875774337,0.24681083070031867,0.8079671621732096,0.9213762835036662,0.7056512821694437,0.7253274261091252,0.6783084784699724,0.6014773152450098,0.6638132313040145,0.669113744549346,0.6438764593923532,0.6783971246058299,0.6105166293550893,0.6423753284557926,0.45754789831861264,0.6016076151740473,0.37406610496445636,0.213973704529949,0.29938548884555444,0.09515468320095014,-0.020160817048537054,0.4930166522612652,-0.17130722463184284,0.18398852562378873,0.08702697520730691,0.7622909426580352,0.6438644502438091,0.40990186023712366,-0.11586256589505194,0.5110845001207494,0.605319913366078,0.521834337478536,0.7504272436824853,0.665693768965007,0.6056302281901101,0.23735046726056752,0.32108680397942074,0.6327242012362712,0.9527928026738983,0.6644023833916269,0.7066800848994175,0.7145655054309125,0.9692936534670004,0.5228794534365733,0.8362696399146173,-0.0408454320875755,0.2628381200591695,0.2245954294088164,0.5600927437394441,0.6842957707742527,0.9150620555768366,0.5208435689511423,-0.14206140418076477,0.10871688021482116,0.040672601142657826,0.49088628866404316,0.24188156491064913,0.19135323647744515,-0.07438007320449735,0.6883570073762717,0.5428810866372327,0.7366742399279933,0.5618579059033515,0.6201851808786255,0.6731565107783748,0.7770249683368777,0.4312234190320727,0.6520625076058798,0.7326360653935179,1.0,0.4884114997321014,0.5353656182533011,0.3899182889842911,0.6096411314381722,0.80846139755068,0.5344151549890069
XLP,0.14540982874939748,0.42321055146360703,0.283963178298593,0.10752477696505157,0.1578068816488026,0.7157524320956657,0.6476837280722436,0.4549071067757124,0.5901921313674273,0.5542791113527301,0.3675291703977499,0.5527955535273859,0.5335644460517108,0.47181440545994857,0.3507811833750377,0.5695547949551469,0.34227960007503,0.41099807185724446,0.47804280531107657,0.2891509889046016,0.1961671517584518,0.27247701515412087,0.12457328504606975,0.0493995803748221,0.33868828153537345,-0.0697664689383718,0.13613132645458156,0.061320986774764094,0.3478523167632531,0.5327237149849453,0.015720807108871818,-0.017218292758373603,0.42298438825711393,0.6717577071876238,0.4468657003988403,0.5348450329382106,0.5542233351943426,0.3639060927196623,0.23849942648568442,0.20777548650551006,0.6158349841285603,0.5227490156352753,0.41200789160331036,0.6362098777584433,0.4953009433791585,0.5248371527863284,0.32673494432475947,0.4699204653122341,0.03759752578269137,0.1689973559288701,0.11547896393698527,0.41013459733804436,0.3405331245206072,0.6745579847556586,0.2880307816113866,-0.06957246089700328,0.1515130292892154,0.04799957461975086,0.22452139049058709,0.14691738393828213,0.13082083775191955,-0.1063504090421878,0.5786865790855091,0.6657969899322038,0.763421457805214,0.3479656844859241,0.5404448429233417,0.6216626784439847,0.5173287966455596,0.39333136916551625,0.6029967513058044,0.6302981939957631,0.4884114997321014,1.0,0.688601131873768,0.6775834390679736,0.6899886529115367,0.5737718710707014,0.34290708775006146
XLRE,0.29216268776953164,0.43909378599761123,0.4183365519862521,0.145864276848072,0.1845485184973992,0.6980112473505863,0.6803483790204361,0.4932521857802189,0.6248548131699944,0.6192004218816979,0.4246543144392773,0.6338404536175136,0.5675682348107763,0.5036738694674753,0.40420060220517984,0.5918070875484978,0.4101085603644471,0.433901132336384,0.576191375590478,0.39180884347708284,0.2647656257268227,0.3417562315566978,0.15618574366095425,0.09115903541616054,0.34842807645837004,0.030560737021013525,0.19471054985822914,0.12183842300918042,0.4568813597065055,0.6711621973319765,0.20280452699189086,0.12514630689907774,0.47020310980128827,0.7400036302809653,0.49323441262856144,0.6580144103541714,0.6693895120644445,0.4483818766999146,0.40438477965955477,0.2688767688953005,0.6317118553163316,0.5741292416052767,0.5409241710546664,0.6968802067311209,0.6298952476846414,0.5496393032527273,0.39232161526636783,0.57332203554362,0.1339919095726892,0.22077232648938405,0.20057952150986424,0.45944632530059776,0.432963566395719,0.6926926244915742,0.421000278271365,0.07311047772297594,0.209965017756315,0.07039746378862477,0.29397603877527356,0.19985190813813805,0.1375888740350453,-0.1405313352084161,0.6196429432047107,0.9686973527941621,0.7283596248238128,0.43830405265724914,0.6553166526608205,0.6555618571189186,0.5743238452220564,0.41904436199160927,0.6265077726781952,0.6659833174376073,0.5353656182533011,0.688601131873768,1.0,0.7316391812765564,0.6285694136667231,0.6180646979063414,0.41330260750027453
XLU,0.23374721470784435,0.30727052668124966,0.2701276885573613,0.09025745181403151,0.14360723718063065,0.5630567151267692,0.521514673694152,0.36890740645574216,0.4701173486247376,0.464918715066372,0.2904832832368874,0.48125215166506147,0.40585008897470787,0.3797841981054077,0.29385886211679824,0.46722286907583466,0.32204816142144427,0.3543941110437428,0.48282776803943683,0.2671906381972905,0.17880113819868929,0.2322527775189133,0.11435990583166386,0.07912938503574542,0.23066080254828863,0.03339357061387803,0.21802459515792216,0.15639737768316386,0.2727546188904505,0.5097304715998211,0.1149855107088336,0.11803458286504151,0.383206072096878,0.7336968020146106,0.37711186732321306,0.44868733606951544,0.4756019073199033,0.3005234578542764,0.32127524004878083,0.16909601291897774,0.48712510175185797,0.3961690609351867,0.3913831598768972,0.5500251543959875,0.42087614663902084,0.39198501557281135,0.26889092070175635,0.38581909215965243,0.13016208411141714,0.22251834371830279,0.1663693719682123,0.3132734722626405,0.23294707727036437,0.5430824271573358,0.2892827287323536,0.06056358992833326,0.1612220748276902,0.06025641069739593,0.22780205645929968,0.1609761071835242,0.08977508891443428,-0.11122844327780536,0.45633691394033604,0.7005561151299421,0.6473070233297942,0.24942238206434525,0.4382076062403167,0.5052716412411876,0.4095281877900781,0.34842885743266727,0.4736986654312197,0.5300947111482227,0.3899182889842911,0.6775834390679736,0.7316391812765564,1.0,0.5280838572435685,0.4218297241402072,0.30539891171585926
XLV,0.06688461421275389,0.4908043013494794,0.38382409843541193,0.11218272523914358,0.1776181488931369,0.7874168451561014,0.753499101542889,0.5268882956144364,0.6555203007830852,0.599350996880099,0.43823897106344756,0.5931528903868271,0.5886283559447637,0.5360337552444495,0.43007761564232844,0.6247996013151859,0.4139616887514523,0.40513054898091805,0.5188224673603725,0.2966362139424326,0.1858648554815528,0.2647278050878678,0.07126365196949559,-0.014096068937662487,0.4037601980988417,-0.15896075128368423,0.12969682192767315,0.039575767874241476,0.5379301767280131,0.5740264526206977,0.12211953352606231,-0.10952025329793125,0.4935527587214906,0.6409689961465234,0.5015605739842313,0.6539445816261151,0.6147634207731848,0.43479905962284,0.18530197318091585,0.264493411501371,0.6558155215975677,0.6687744583136692,0.48617058819571923,0.6878873554458554,0.5854781074759949,0.6593957777966019,0.3824957032883968,0.5987258714752445,-0.022831375435274685,0.1834830335017539,0.13023315257776447,0.4759282336197189,0.47462894813392015,0.7726747215500579,0.3874041924446744,-0.14829365395102279,0.08980703173695578,0.05571819691922729,0.3058816062075855,0.1726781230233313,0.14860886803367818,-0.05531361324218506,0.6408441361153712,0.6123184599374704,0.7843098910718225,0.6414013570609527,0.5761180429456633,0.6698840084194414,0.615182836761236,0.45462536075110593,0.6736470703710161,0.6875244967958226,0.6096411314381722,0.6899886529115367,0.6285694136667231,0.5280838572435685,1.0,0.6323724127389877,0.4101662276791075
XLY,0.15170362666987908,0.6072445654104943,0.6831111735221904,0.17046892352652632,0.2201683970655227,0.8311806529274124,0.8881058620629475,0.6669918678312814,0.7435170668449483,0.6925940902309753,0.6521311683938152,0.6761186409741452,0.698603093835188,0.6403829149409423,0.6022771606811379,0.6470880230484143,0.5571874120236937,0.47291500771104866,0.6095778158244722,0.3943253197488588,0.252528904759847,0.3327178347778372,0.1215818877310864,-0.0028478189344061495,0.5065862144231255,-0.15217203292105108,0.15433901422786359,0.04410724849159776,0.6881165115221529,0.681317415111329,0.4189846131093436,-0.07629815933834416,0.5356703793157039,0.6501505069316954,0.5286784512514349,0.820458293739276,0.7673650732693875,0.6251380659586131,0.2800894978656213,0.37049694683287815,0.6998107730948063,0.8876762575772531,0.6913705334661918,0.7463013351434017,0.7720256487346179,0.8692876261188914,0.5394357213946734,0.8076277227705948,-0.008718164299969418,0.23261651017108073,0.18294049486450276,0.5913450750416098,0.6892047708888186,0.8941725098137627,0.5441209558869179,-0.10555693345428804,0.13869990517529673,0.05130779983376457,0.44761548292176945,0.22326385877928806,0.16342946661463617,-0.11463434745794289,0.7171390746401897,0.6412449353666858,0.7678729072679081,0.5935775756351171,0.7624857398651377,0.7309292334682737,0.7979946252167275,0.4656721972558949,0.7303218735610038,0.7766891290388043,0.80846139755068,0.5737718710707014,0.6180646979063414,0.4218297241402072,0.6323724127389877,1.0,0.5397399574058794
XME,0.07160891885272219,0.550902810495179,0.534488492887682,0.2436161094740318,0.45473329897650994,0.6186127656436448,0.6092602069027765,0.6188687770938074,0.6305829964180877,0.6427702318542775,0.5318947743836817,0.6416492853897153,0.5571432000916104,0.5136970286742792,0.5154024929491755,0.6183966624817658,0.5270115495752273,0.5273623896586476,0.5257252772815741,0.5117510649581193,0.3132732101414345,0.46524217808195883,0.22861262965886678,0.12167651820820174,0.44155011389387283,-0.028640660961603878,0.5421755664618858,0.35460607502436753,0.4685721615023447,0.522894105923478,0.3743699617913146,-0.09719199591875605,0.7431111756311914,0.5815836264869904,0.4426200774161788,0.7011681932658833,0.7123960710200026,0.5843545427419348,0.1631689830522625,0.33019945488649677,0.6667117386410107,0.5661460124033846,0.5856819146471448,0.5818617982245543,0.6004035743520251,0.5279590504111991,0.615594294391337,0.6381863798466911,-0.011324346087719931,0.6075967435871725,0.46161965778107195,0.8640669462505304,0.4685371659306763,0.6246476749205632,0.4786868415853381,-0.14335675476266793,0.25629252936832825,0.09011889026205107,0.59983009370631,0.4467527824575421,0.3356667411980526,-0.24141640227904224,0.6088059337821673,0.447689997667727,0.6439532638275419,0.4292386815112869,0.5310053281116542,0.7407164954538202,0.49554075327980673,0.6175704034891196,0.5899903939263257,0.6605050767566567,0.5344151549890069,0.34290708775006146,0.41330260750027453,0.30539891171585926,0.4101662276791075,0.5397399574058794,1.0
